"",in24.inetnebr.com,01/Aug/1995:00:00:01,/shuttle/missions/sts-68/news/sts-68-mcc-05.txt,1839,""
"",uplherc.upl.com,01/Aug/1995:00:00:07,/,0,""
"",uplherc.upl.com,01/Aug/1995:00:00:08,/images/ksclogo-medium.gif,0,""
"",uplherc.upl.com,01/Aug/1995:00:00:08,/images/MOSAIC-logosmall.gif,0,""
"",uplherc.upl.com,01/Aug/1995:00:00:08,/images/USA-logosmall.gif,0,""
"",ix-esc-ca2-07.ix.netcom.com,01/Aug/1995:00:00:09,/images/launch-logo.gif,1713,""
"",uplherc.upl.com,01/Aug/1995:00:00:10,/images/WORLD-logosmall.gif,0,""
"",slppp6.intermind.net,01/Aug/1995:00:00:10,/history/skylab/skylab.html,1687,""
"",piweba4y.prodigy.com,01/Aug/1995:00:00:10,/images/launchmedium.gif,11853,""
"",slppp6.intermind.net,01/Aug/1995:00:00:11,/history/skylab/skylab-small.gif,9202,""
"",slppp6.intermind.net,01/Aug/1995:00:00:12,/images/ksclogosmall.gif,3635,""
"",ix-esc-ca2-07.ix.netcom.com,01/Aug/1995:00:00:12,/history/apollo/images/apollo-logo1.gif,1173,""
"",slppp6.intermind.net,01/Aug/1995:00:00:13,/history/apollo/images/apollo-logo.gif,3047,""
"",uplherc.upl.com,01/Aug/1995:00:00:14,/images/NASA-logosmall.gif,0,""
"",133.43.96.45,01/Aug/1995:00:00:16,/shuttle/missions/sts-69/mission-sts-69.html,10566,""
"",kgtyk4.kj.yamagata-u.ac.jp,01/Aug/1995:00:00:17,/,7280,""
"",kgtyk4.kj.yamagata-u.ac.jp,01/Aug/1995:00:00:18,/images/ksclogo-medium.gif,5866,""
"",d0ucr6.fnal.gov,01/Aug/1995:00:00:19,/history/apollo/apollo-16/apollo-16.html,2743,""
"",ix-esc-ca2-07.ix.netcom.com,01/Aug/1995:00:00:19,/shuttle/resources/orbiters/discovery.html,6849,""
"",d0ucr6.fnal.gov,01/Aug/1995:00:00:20,/history/apollo/apollo-16/apollo-16-patch-small.gif,14897,""
"",kgtyk4.kj.yamagata-u.ac.jp,01/Aug/1995:00:00:21,/images/NASA-logosmall.gif,0,""
"",kgtyk4.kj.yamagata-u.ac.jp,01/Aug/1995:00:00:21,/images/MOSAIC-logosmall.gif,0,""
"",kgtyk4.kj.yamagata-u.ac.jp,01/Aug/1995:00:00:22,/images/USA-logosmall.gif,0,""
"",kgtyk4.kj.yamagata-u.ac.jp,01/Aug/1995:00:00:22,/images/WORLD-logosmall.gif,0,""
"",133.43.96.45,01/Aug/1995:00:00:22,/images/KSC-logosmall.gif,1204,""
"",133.43.96.45,01/Aug/1995:00:00:23,/shuttle/missions/sts-69/sts-69-patch-small.gif,8083,""
"",133.43.96.45,01/Aug/1995:00:00:23,/images/launch-logo.gif,1713,""
"",www-c8.proxy.aol.com,01/Aug/1995:00:00:24,/shuttle/countdown/,4324,""
"",133.43.96.45,01/Aug/1995:00:00:25,/history/apollo/images/apollo-logo1.gif,1173,""
"",ix-esc-ca2-07.ix.netcom.com,01/Aug/1995:00:00:25,/shuttle/resources/orbiters/discovery-logo.gif,4179,""
"",piweba4y.prodigy.com,01/Aug/1995:00:00:32,/images/NASA-logosmall.gif,786,""
"",slppp6.intermind.net,01/Aug/1995:00:00:32,/history/skylab/skylab-1.html,1659,""
"",ix-esc-ca2-07.ix.netcom.com,01/Aug/1995:00:00:34,/images/ksclogosmall.gif,3635,""
"",in24.inetnebr.com,01/Aug/1995:00:00:34,/shuttle/missions/sts-68/news/sts-68-mcc-06.txt,2303,""
"",slppp6.intermind.net,01/Aug/1995:00:00:39,/history/skylab/skylab-logo.gif,3274,""
"",ix-esc-ca2-07.ix.netcom.com,01/Aug/1995:00:00:39,/shuttle/resources/orbiters/orbiters-logo.gif,1932,""
"",uplherc.upl.com,01/Aug/1995:00:00:43,/shuttle/missions/sts-71/mission-sts-71.html,13450,""
"",uplherc.upl.com,01/Aug/1995:00:00:44,/shuttle/missions/sts-71/sts-71-patch-small.gif,12054,""
"",uplherc.upl.com,01/Aug/1995:00:00:45,/images/KSC-logosmall.gif,1204,""
"",uplherc.upl.com,01/Aug/1995:00:00:45,/history/apollo/images/apollo-logo1.gif,1173,""
"",uplherc.upl.com,01/Aug/1995:00:00:45,/images/launch-logo.gif,1713,""
"",133.43.96.45,01/Aug/1995:00:00:46,/shuttle/resources/orbiters/endeavour.html,6168,""
"",piweba4y.prodigy.com,01/Aug/1995:00:00:47,/images/KSC-logosmall.gif,1204,""
"",133.43.96.45,01/Aug/1995:00:00:51,/images/ksclogosmall.gif,3635,""
"",133.43.96.45,01/Aug/1995:00:00:51,/shuttle/resources/orbiters/orbiters-logo.gif,1932,""
"",uplherc.upl.com,01/Aug/1995:00:00:55,/shuttle/resources/orbiters/atlantis.html,7025,""
"",uplherc.upl.com,01/Aug/1995:00:00:56,/shuttle/resources/orbiters/atlantis-logo.gif,4179,""
"",www-c3.proxy.aol.com,01/Aug/1995:00:00:57,"/cgi-bin/imagemap/countdown70?285,291",85,""
"",uplherc.upl.com,01/Aug/1995:00:00:59,/shuttle/resources/orbiters/orbiters-logo.gif,1932,""
"",uplherc.upl.com,01/Aug/1995:00:00:59,/images/ksclogosmall.gif,3635,""
"",www-c3.proxy.aol.com,01/Aug/1995:00:00:59,/htbin/cdt_main.pl,3714,""
"",in24.inetnebr.com,01/Aug/1995:00:01:02,/shuttle/missions/sts-68/news/sts-68-mcc-07.txt,1437,""
"",www-c3.proxy.aol.com,01/Aug/1995:00:01:05,/shuttle/countdown/images/countclock.gif,13994,""
"",uplherc.upl.com,01/Aug/1995:00:01:13,/shuttle/resources/orbiters/challenger.html,8089,""
"",133.68.18.180,01/Aug/1995:00:01:13,/persons/nasa-cm/jmd-sm.gif,3660,""
"",piweba4y.prodigy.com,01/Aug/1995:00:01:14,/images/launchmedium.gif,11853,""
"",133.68.18.180,01/Aug/1995:00:01:14,/persons/nasa-cm/tnn-sm.gif,4742,""
"",133.68.18.180,01/Aug/1995:00:01:14,/persons/nasa-cm/hec-sm.gif,5410,""
"",133.68.18.180,01/Aug/1995:00:01:14,/persons/nasa-cm/mike-sm.gif,4649,""
"",uplherc.upl.com,01/Aug/1995:00:01:15,/shuttle/resources/orbiters/challenger-logo.gif,4179,""
"",133.43.96.45,01/Aug/1995:00:01:16,/shuttle/resources/orbiters/endeavour-logo.gif,5052,""
"",uplherc.upl.com,01/Aug/1995:00:01:17,/history/apollo/apollo-17/apollo-17.html,2732,""
"",ip-pdx6-54.teleport.com,01/Aug/1995:00:01:17,/history/history.html,1602,""
"",uplherc.upl.com,01/Aug/1995:00:01:18,/history/apollo/apollo-17/apollo-17-patch-small.gif,14977,""
"",uplherc.upl.com,01/Aug/1995:00:01:18,/history/apollo/images/footprint-logo.gif,4209,""
"",www-d3.proxy.aol.com,01/Aug/1995:00:01:20,/,7280,""
"",in24.inetnebr.com,01/Aug/1995:00:01:22,/shuttle/missions/sts-68/news/sts-68-mcc-08.txt,2215,""
"",www-d3.proxy.aol.com,01/Aug/1995:00:01:28,/images/ksclogo-medium.gif,5866,""
"",www-d3.proxy.aol.com,01/Aug/1995:00:01:28,/images/NASA-logosmall.gif,786,""
"",www-d3.proxy.aol.com,01/Aug/1995:00:01:28,/images/MOSAIC-logosmall.gif,363,""
"",www-d3.proxy.aol.com,01/Aug/1995:00:01:29,/images/USA-logosmall.gif,234,""
"",www-d3.proxy.aol.com,01/Aug/1995:00:01:31,/images/WORLD-logosmall.gif,669,""
"",piweba4y.prodigy.com,01/Aug/1995:00:01:32,/history/history.html,1602,""
"",piweba4y.prodigy.com,01/Aug/1995:00:01:37,/history/apollo/images/apollo-small.gif,9630,""
"",uplherc.upl.com,01/Aug/1995:00:01:38,/shuttle/missions/sts-71/images/images.html,8529,""
"",133.43.96.45,01/Aug/1995:00:01:39,/shuttle/missions/sts-72/mission-sts-72.html,3804,""
"",haraway.ucet.ufl.edu,01/Aug/1995:00:01:43,/facilities/lc39a.html,7008,""
"",haraway.ucet.ufl.edu,01/Aug/1995:00:01:43,/images/lc39a-logo.gif,13116,""
"",haraway.ucet.ufl.edu,01/Aug/1995:00:01:44,/images/kscmap-tiny.gif,2537,""
"",133.68.18.180,01/Aug/1995:00:01:48,/persons/nasa-cm/jmd.html,4067,""
"",ip-pdx6-54.teleport.com,01/Aug/1995:00:01:48,/history/apollo/apollo.html,3260,""
"",www-c3.proxy.aol.com,01/Aug/1995:00:01:48,/shuttle/countdown/count.html,73231,""
"",uplherc.upl.com,01/Aug/1995:00:01:48,/shuttle/missions/sts-71/images/KSC-95EC-0423.gif,64939,""
"",133.43.96.45,01/Aug/1995:00:01:49,/shuttle/missions/sts-72/sts-72-patch-small.gif,4179,""
"",www-d4.proxy.aol.com,01/Aug/1995:00:01:49,/images/rollout.gif,258839,""
"",133.68.18.180,01/Aug/1995:00:01:49,/persons/nasa-cm/jmd.gif,17866,""
"",piweba4y.prodigy.com,01/Aug/1995:00:01:50,/images/KSC-logosmall.gif,1204,""
"",endeavor.fujitsu.co.jp,01/Aug/1995:00:01:51,/shuttle/missions/sts-68/ksc-srl-image.html,1404,""
"",www-d3.proxy.aol.com,01/Aug/1995:00:01:52,/shuttle/missions/sts-71/mission-sts-71.html,13450,""
"",in24.inetnebr.com,01/Aug/1995:00:01:54,/shuttle/missions/sts-68/news/sts-68-mcc-09.txt,2166,""
"",205.163.36.61,01/Aug/1995:00:01:55,/shuttle/countdown/countdown.html,4324,""
"",205.163.36.61,01/Aug/1995:00:01:57,/shuttle/countdown/count70.gif,0,""
"",rpgopher.aist.go.jp,01/Aug/1995:00:01:58,/ksc.html,7280,""
"",205.163.36.61,01/Aug/1995:00:02:01,/images/NASA-logosmall.gif,0,""
"",205.163.36.61,01/Aug/1995:00:02:01,/images/KSC-logosmall.gif,0,""
"",139.230.35.135,01/Aug/1995:00:02:02,/shuttle/missions/sts-49/mission-sts-49.html,9271,""
"",rpgopher.aist.go.jp,01/Aug/1995:00:02:02,/images/NASA-logosmall.gif,0,""
"",ip-pdx6-54.teleport.com,01/Aug/1995:00:02:03,/history/apollo/apollo-13/apollo-13.html,18556,""
"",rpgopher.aist.go.jp,01/Aug/1995:00:02:04,/images/USA-logosmall.gif,0,""
"",rpgopher.aist.go.jp,01/Aug/1995:00:02:04,/images/ksclogo-medium.gif,0,""
"",piweba4y.prodigy.com,01/Aug/1995:00:02:04,/history/apollo/apollo.html,3260,""
"",rpgopher.aist.go.jp,01/Aug/1995:00:02:04,/images/MOSAIC-logosmall.gif,0,""
"",www-d3.proxy.aol.com,01/Aug/1995:00:02:04,/images/KSC-logosmall.gif,1204,""
"",www-d3.proxy.aol.com,01/Aug/1995:00:02:05,/history/apollo/images/apollo-logo1.gif,1173,""
"",haraway.ucet.ufl.edu,01/Aug/1995:00:02:05,/images/rss.gif,283389,""
"",www-d3.proxy.aol.com,01/Aug/1995:00:02:05,/shuttle/missions/sts-71/sts-71-patch-small.gif,12054,""
"",rpgopher.aist.go.jp,01/Aug/1995:00:02:05,/images/WORLD-logosmall.gif,0,""
"",205.163.36.61,01/Aug/1995:00:02:10,"/cgi-bin/imagemap/countdown70?342,281",98,""
"",uplherc.upl.com,01/Aug/1995:00:02:11,/shuttle/missions/sts-71/images/KSC-95EC-0589.gif,45846,""
"",piweba4y.prodigy.com,01/Aug/1995:00:02:12,/history/apollo/images/footprint-small.gif,18149,""
"",piweba1y.prodigy.com,01/Aug/1995:00:02:13,/,7280,""
"",165.213.131.21,01/Aug/1995:00:02:15,/procurement/procurement.html,3646,""
"",205.163.36.61,01/Aug/1995:00:02:15,/shuttle/countdown/liftoff.html,0,""
"",haraway.ucet.ufl.edu,01/Aug/1995:00:02:20,/facilities/mlp.html,2653,""
"",haraway.ucet.ufl.edu,01/Aug/1995:00:02:21,/images/mlp-logo.gif,28426,""
"",rpgopher.aist.go.jp,01/Aug/1995:00:02:27,/shuttle/countdown/,4324,""
"",rpgopher.aist.go.jp,01/Aug/1995:00:02:30,/shuttle/countdown/count70.gif,0,""
"",rpgopher.aist.go.jp,01/Aug/1995:00:02:30,/images/KSC-logosmall.gif,0,""
"",slppp6.intermind.net,01/Aug/1995:00:02:30,/history/skylab/skylab-2.html,1478,""
"",in24.inetnebr.com,01/Aug/1995:00:02:32,/shuttle/missions/sts-68/news/sts-68-mcc-10.txt,1712,""
"",piweba1y.prodigy.com,01/Aug/1995:00:02:33,/images/ksclogo-medium.gif,5866,""
"",205.163.36.61,01/Aug/1995:00:02:36,/shuttle/countdown/video/livevideo2.gif,71319,""
"",rpgopher.aist.go.jp,01/Aug/1995:00:02:45,"/cgi-bin/imagemap/countdown70?181,275",110,""
"",rpgopher.aist.go.jp,01/Aug/1995:00:02:47,/shuttle/missions/sts-70/movies/movies.html,2979,""
"",rpgopher.aist.go.jp,01/Aug/1995:00:02:50,/shuttle/missions/sts-70/sts-70-patch-small.gif,0,""
"",piweba1y.prodigy.com,01/Aug/1995:00:02:50,/images/NASA-logosmall.gif,0,""
"",www-d3.proxy.aol.com,01/Aug/1995:00:02:54,/shuttle/countdown/,4324,""
"",in24.inetnebr.com,01/Aug/1995:00:02:57,/shuttle/missions/sts-68/news/sts-68-mcc-11.txt,2187,""
"",piweba4y.prodigy.com,01/Aug/1995:00:03:00,/images/KSC-logosmall.gif,1204,""
"",piweba4y.prodigy.com,01/Aug/1995:00:03:11,/history/apollo/images/apollo-logo1.gif,1173,""
"",haraway.ucet.ufl.edu,01/Aug/1995:00:03:12,/shuttle/missions/sts-70/o-ring-problem.gif,16197,""
"",rpgopher.aist.go.jp,01/Aug/1995:00:03:14,/shuttle/missions/sts-70/movies/woodpecker.mpg,190269,""
"",piweba1y.prodigy.com,01/Aug/1995:00:03:22,/history/history.html,1602,""
"",133.43.96.45,01/Aug/1995:00:03:28,/shuttle/resources/orbiters/endeavour.gif,16991,""
"",in24.inetnebr.com,01/Aug/1995:00:03:28,/shuttle/missions/sts-68/news/sts-68-mcc-12.txt,1881,""
"",www-c6.proxy.aol.com,01/Aug/1995:00:03:28,/shuttle/missions/sts-68/sts-68-patch-small.gif,17459,""
"",piweba1y.prodigy.com,01/Aug/1995:00:03:29,/history/apollo/images/apollo-small.gif,0,""
"",165.213.131.21,01/Aug/1995:00:03:32,/images/op-logo-small.gif,14915,""
"",gw1.att.com,01/Aug/1995:00:03:33,/shuttle/missions/sts-73/mission-sts-73.html,0,""
"",gw1.att.com,01/Aug/1995:00:03:36,/images/launch-logo.gif,0,""
"",gw1.att.com,01/Aug/1995:00:03:36,/history/apollo/images/apollo-logo1.gif,0,""
"",gw1.att.com,01/Aug/1995:00:03:37,/images/KSC-logosmall.gif,0,""
"",gw1.att.com,01/Aug/1995:00:03:37,/shuttle/missions/sts-73/sts-73-patch-small.gif,0,""
"",uplherc.upl.com,01/Aug/1995:00:03:37,/shuttle/missions/sts-71/images/KSC-95EC-0911.gif,31242,""
"",haraway.ucet.ufl.edu,01/Aug/1995:00:03:39,/shuttle/missions/sts-71/mission-sts-71.html,13450,""
"",haraway.ucet.ufl.edu,01/Aug/1995:00:03:39,/shuttle/missions/sts-71/sts-71-patch-small.gif,12054,""
"",piweba1y.prodigy.com,01/Aug/1995:00:03:41,/images/NASA-logosmall.gif,0,""
"",piweba4y.prodigy.com,01/Aug/1995:00:03:43,/history/apollo/images/footprint-small.gif,18149,""
"",piweba1y.prodigy.com,01/Aug/1995:00:03:45,/images/KSC-logosmall.gif,1204,""
"",ai.asu.edu,01/Aug/1995:00:03:45,/,7280,""
"",haraway.ucet.ufl.edu,01/Aug/1995:00:03:47,/shuttle/technology/sts-newsref/sts_asm.html,71654,""
"",haraway.ucet.ufl.edu,01/Aug/1995:00:03:48,/shuttle/technology/images/srb_mod_compare_6-small.gif,28219,""
"",haraway.ucet.ufl.edu,01/Aug/1995:00:03:48,/shuttle/technology/images/srb_mod_compare_1-small.gif,36902,""
"",haraway.ucet.ufl.edu,01/Aug/1995:00:03:48,/images/shuttle-patch-logo.gif,891,""
"",haraway.ucet.ufl.edu,01/Aug/1995:00:03:49,/shuttle/technology/images/srb_mod_compare_3-small.gif,55666,""
"",in24.inetnebr.com,01/Aug/1995:00:03:51,/shuttle/missions/sts-68/news/sts-68-mcc-13.txt,1909,""
"",ai.asu.edu,01/Aug/1995:00:03:52,/facts/facts.html,4722,""
"",rpgopher.aist.go.jp,01/Aug/1995:00:03:53,/shuttle/missions/sts-70/movies/sts-70-crew-suitup.mpg,90112,""
"",gw1.att.com,01/Aug/1995:00:03:54,/shuttle/missions/sts-73/news/,519,""
"",ai.asu.edu,01/Aug/1995:00:03:55,/facts/faq01.html,19320,""
"",gw1.att.com,01/Aug/1995:00:03:56,/icons/menu.xbm,0,""
"",gw1.att.com,01/Aug/1995:00:03:56,/icons/text.xbm,0,""
"",gw1.att.com,01/Aug/1995:00:03:56,/icons/blank.xbm,0,""
"",async59.ts-p-caps.caps.maine.edu,01/Aug/1995:00:04:02,/software/winvn/winvn.html,9866,""
"",rpgopher.aist.go.jp,01/Aug/1995:00:04:05,"/cgi-bin/imagemap/countdown70?51,156",111,""
"",rpgopher.aist.go.jp,01/Aug/1995:00:04:06,/shuttle/missions/sts-70/mission-sts-70.html,20224,""
"",www-d3.proxy.aol.com,01/Aug/1995:00:04:07,/shuttle/missions/sts-71/movies/movies.html,3381,""
"",pm9.j51.com,01/Aug/1995:00:04:08,/facilities/lc39a.html,7008,""
"",piweba3y.prodigy.com,01/Aug/1995:00:04:08,/,7280,""
"",async59.ts-p-caps.caps.maine.edu,01/Aug/1995:00:04:10,/software/winvn/winvn.gif,25218,""
"",pm9.j51.com,01/Aug/1995:00:04:11,/images/lc39a-logo.gif,13116,""
"",rpgopher.aist.go.jp,01/Aug/1995:00:04:13,/images/launch-logo.gif,0,""
"",rpgopher.aist.go.jp,01/Aug/1995:00:04:13,/history/apollo/images/apollo-logo1.gif,0,""
"",pm9.j51.com,01/Aug/1995:00:04:14,/images/kscmap-tiny.gif,2537,""
"",rpgopher.aist.go.jp,01/Aug/1995:00:04:14,/shuttle/resources/orbiters/discovery.html,6849,""
"",rpgopher.aist.go.jp,01/Aug/1995:00:04:17,/shuttle/resources/orbiters/discovery-logo.gif,4179,""
"",rpgopher.aist.go.jp,01/Aug/1995:00:04:17,/images/ksclogosmall.gif,3635,""
"",async59.ts-p-caps.caps.maine.edu,01/Aug/1995:00:04:18,/images/construct.gif,1414,""
"",rpgopher.aist.go.jp,01/Aug/1995:00:04:18,/shuttle/resources/orbiters/orbiters-logo.gif,1932,""
"",in24.inetnebr.com,01/Aug/1995:00:04:19,/shuttle/missions/sts-68/news/sts-68-mcc-14.txt,1418,""
"",async59.ts-p-caps.caps.maine.edu,01/Aug/1995:00:04:20,/software/winvn/bluemarb.gif,4441,""
"",uplherc.upl.com,01/Aug/1995:00:04:21,/shuttle/missions/sts-71/images/KSC-95EC-0908.jpg,54279,""
"",piweba3y.prodigy.com,01/Aug/1995:00:04:22,/images/ksclogo-medium.gif,5866,""
"",piweba1y.prodigy.com,01/Aug/1995:00:04:22,/history/apollo/images/apollo.gif,28847,""
"",rpgopher.aist.go.jp,01/Aug/1995:00:04:25,/shuttle/resources/orbiters/endeavour.html,6168,""
"",rpgopher.aist.go.jp,01/Aug/1995:00:04:28,/shuttle/resources/orbiters/endeavour-logo.gif,5052,""
"",haraway.ucet.ufl.edu,01/Aug/1995:00:04:29,/ksc.html,7280,""
"",haraway.ucet.ufl.edu,01/Aug/1995:00:04:30,/images/ksclogo-medium.gif,5866,""
"",haraway.ucet.ufl.edu,01/Aug/1995:00:04:30,/images/NASA-logosmall.gif,786,""
"",haraway.ucet.ufl.edu,01/Aug/1995:00:04:30,/images/MOSAIC-logosmall.gif,363,""
"",haraway.ucet.ufl.edu,01/Aug/1995:00:04:30,/images/USA-logosmall.gif,234,""
"",haraway.ucet.ufl.edu,01/Aug/1995:00:04:31,/images/WORLD-logosmall.gif,669,""
"",async59.ts-p-caps.caps.maine.edu,01/Aug/1995:00:04:32,/software/winvn/wvsmall.gif,13372,""
"",piweba3y.prodigy.com,01/Aug/1995:00:04:37,/images/NASA-logosmall.gif,786,""
"",haraway.ucet.ufl.edu,01/Aug/1995:00:04:42,/shuttle/countdown/,4324,""
"",haraway.ucet.ufl.edu,01/Aug/1995:00:04:43,/shuttle/countdown/count70.gif,46573,""
"",133.43.96.45,01/Aug/1995:00:04:43,/shuttle/missions/sts-49/mission-sts-49.html,9271,""
"",async59.ts-p-caps.caps.maine.edu,01/Aug/1995:00:04:46,/images/KSC-logosmall.gif,1204,""
"",haraway.ucet.ufl.edu,01/Aug/1995:00:04:47,"/cgi-bin/imagemap/countdown70?199,165",97,""
"",rpgopher.aist.go.jp,01/Aug/1995:00:04:47,"/cgi-bin/imagemap/countdown70?54,211",110,""
"",haraway.ucet.ufl.edu,01/Aug/1995:00:04:47,/shuttle/countdown/lps/fr.html,1879,""
"",haraway.ucet.ufl.edu,01/Aug/1995:00:04:48,/shuttle/countdown/lps/back.gif,1289,""
"",haraway.ucet.ufl.edu,01/Aug/1995:00:04:48,/shuttle/countdown/lps/fr.gif,30232,""
"",rpgopher.aist.go.jp,01/Aug/1995:00:04:49,/shuttle/missions/sts-70/images/images.html,8657,""
"",piweba3y.prodigy.com,01/Aug/1995:00:04:49,/images/MOSAIC-logosmall.gif,363,""
"",async59.ts-p-caps.caps.maine.edu,01/Aug/1995:00:04:50,/images/MOSAIC-logosmall.gif,363,""
"",piweba3y.prodigy.com,01/Aug/1995:00:04:51,/images/USA-logosmall.gif,234,""
"",async59.ts-p-caps.caps.maine.edu,01/Aug/1995:00:04:53,/images/USA-logosmall.gif,234,""
"",piweba4y.prodigy.com,01/Aug/1995:00:04:53,/history/apollo/apollo-13/apollo-13.html,18556,""
"",ppp8.montrealnet.ca,01/Aug/1995:00:04:53,/shuttle/missions/missions.html,8677,""
"",133.43.96.45,01/Aug/1995:00:04:54,/shuttle/missions/sts-49/sts-49-patch-small.gif,11628,""
"",haraway.ucet.ufl.edu,01/Aug/1995:00:04:55,"/cgi-bin/imagemap/fr?264,412",91,""
"",haraway.ucet.ufl.edu,01/Aug/1995:00:04:55,/shuttle/countdown/lps/bkup-intg/bkup-intg.html,4167,""
"",ppp8.montrealnet.ca,01/Aug/1995:00:04:56,/images/launchmedium.gif,11853,""
"",haraway.ucet.ufl.edu,01/Aug/1995:00:04:56,/shuttle/countdown/lps/images/BKUP-INT.gif,9467,""
"",async59.ts-p-caps.caps.maine.edu,01/Aug/1995:00:04:56,/images/WORLD-logosmall.gif,669,""
"",uplherc.upl.com,01/Aug/1995:00:04:57,/shuttle/missions/sts-71/images/KSC-95EC-0873.jpg,75147,""
"",134.50.205.24,01/Aug/1995:00:04:57,/shuttle/missions/100th.html,32303,""
"",piweba3y.prodigy.com,01/Aug/1995:00:04:58,/images/WORLD-logosmall.gif,669,""
"",ppp8.montrealnet.ca,01/Aug/1995:00:05:01,/images/KSC-logosmall.gif,1204,""
"",rpgopher.aist.go.jp,01/Aug/1995:00:05:03,/shuttle/missions/sts-70/images/KSC-95EC-0575.gif,61570,""
"",ppp8.montrealnet.ca,01/Aug/1995:00:05:07,/images/NASA-logosmall.gif,786,""
"",piweba3y.prodigy.com,01/Aug/1995:00:05:08,/images/ksclogo-medium.gif,5866,""
"",slip4086.sirius.com,01/Aug/1995:00:05:10,/software/winvn/winvn.html,9866,""
"",slip4086.sirius.com,01/Aug/1995:00:05:12,/images/construct.gif,1414,""
"",slip4086.sirius.com,01/Aug/1995:00:05:12,/software/winvn/bluemarb.gif,4441,""
"",133.43.96.45,01/Aug/1995:00:05:14,/shuttle/missions/sts-57/mission-sts-57.html,11508,""
"",slip4086.sirius.com,01/Aug/1995:00:05:15,/software/winvn/wvsmall.gif,13372,""
"",ppp8.montrealnet.ca,01/Aug/1995:00:05:16,/shuttle/missions/sts-70/mission-sts-70.html,20224,""
"",slip4086.sirius.com,01/Aug/1995:00:05:18,/images/MOSAIC-logosmall.gif,363,""
"",slip4086.sirius.com,01/Aug/1995:00:05:18,/software/winvn/winvn.gif,25218,""
"",slip4086.sirius.com,01/Aug/1995:00:05:18,/images/KSC-logosmall.gif,1204,""
"",ppp8.montrealnet.ca,01/Aug/1995:00:05:19,/shuttle/missions/sts-70/sts-70-patch-small.gif,5978,""
"",133.43.96.45,01/Aug/1995:00:05:20,/shuttle/missions/sts-57/sts-57-patch-small.gif,11988,""
"",village.islandnet.com,01/Aug/1995:00:05:21,/shuttle/missions/sts-68/images/ksc-upclose.gif,86984,""
"",slip4086.sirius.com,01/Aug/1995:00:05:22,/images/USA-logosmall.gif,234,""
"",slip4086.sirius.com,01/Aug/1995:00:05:23,/images/WORLD-logosmall.gif,669,""
"",204.248.155.42,01/Aug/1995:00:05:30,/images/,17688,""
"",haraway.ucet.ufl.edu,01/Aug/1995:00:05:30,/shuttle/missions/sts-71/movies/movies.html,3381,""
"",uplherc.upl.com,01/Aug/1995:00:05:32,/shuttle/missions/sts-71/images/KSC-95EC-0948.jpg,92477,""
"",204.248.155.42,01/Aug/1995:00:05:32,/icons/menu.xbm,527,""
"",204.248.155.42,01/Aug/1995:00:05:32,/icons/image.xbm,509,""
"",piweba3y.prodigy.com,01/Aug/1995:00:05:32,/shuttle/missions/sts-71/images/images.html,8529,""
"",204.248.155.42,01/Aug/1995:00:05:35,/icons/blank.xbm,509,""
"",piweba4y.prodigy.com,01/Aug/1995:00:05:35,/history/apollo/apollo-13/apollo-13-patch-small.gif,12859,""
"",js002.cc.utsunomiya-u.ac.jp,01/Aug/1995:00:05:35,/shuttle/missions/sts-70/mission-sts-70.html,20224,""
"",ppp8.montrealnet.ca,01/Aug/1995:00:05:36,/images/launch-logo.gif,1713,""
"",ppp8.montrealnet.ca,01/Aug/1995:00:05:36,/history/apollo/images/apollo-logo1.gif,1173,""
"",van10271.direct.ca,01/Aug/1995:00:05:49,/software/winvn/winvn.html,9866,""
"",133.43.96.45,01/Aug/1995:00:05:51,/shuttle/missions/sts-57/mission-sts-57.html,11508,""
"",van10271.direct.ca,01/Aug/1995:00:05:51,/software/winvn/winvn.gif,25218,""
"",van10271.direct.ca,01/Aug/1995:00:05:51,/images/construct.gif,1414,""
"",van10271.direct.ca,01/Aug/1995:00:05:51,/software/winvn/bluemarb.gif,4441,""
"",js002.cc.utsunomiya-u.ac.jp,01/Aug/1995:00:05:52,/shuttle/missions/sts-70/sts-70-patch-small.gif,5978,""
"",134.h-pm2.vgs3.westel.com,01/Aug/1995:00:05:53,/software/winvn/winvn.html,9866,""
"",134.h-pm2.vgs3.westel.com,01/Aug/1995:00:05:55,/software/winvn/winvn.gif,25218,""
"",134.h-pm2.vgs3.westel.com,01/Aug/1995:00:05:55,/software/winvn/bluemarb.gif,4441,""
"",134.h-pm2.vgs3.westel.com,01/Aug/1995:00:05:55,/images/construct.gif,1414,""
"",ix-dfw12-08.ix.netcom.com,01/Aug/1995:00:05:55,/software/winvn/userguide/wvnguide.html,5998,""
"",134.h-pm2.vgs3.westel.com,01/Aug/1995:00:05:57,/software/winvn/wvsmall.gif,13372,""
"",ix-dfw12-08.ix.netcom.com,01/Aug/1995:00:05:57,/software/winvn/userguide/wvnguide.gif,4151,""
"",haraway.ucet.ufl.edu,01/Aug/1995:00:05:58,/shuttle/missions/sts-71/movies/sts-71-tcdt-crew-walkout.mpg,887988,""
"",van10271.direct.ca,01/Aug/1995:00:06:00,/software/winvn/wvsmall.gif,13372,""
"",133.43.96.45,01/Aug/1995:00:06:00,/facilities/lc39a.html,7008,""
"",ix-dfw12-08.ix.netcom.com,01/Aug/1995:00:06:02,/software/winvn/userguide/winvnsm.gif,3293,""
"",van10271.direct.ca,01/Aug/1995:00:06:05,/images/KSC-logosmall.gif,1204,""
"",sutnbgw1.ed.noda.sut.ac.jp,01/Aug/1995:00:06:05,/ksc.html,7280,""
"",van10271.direct.ca,01/Aug/1995:00:06:08,/images/MOSAIC-logosmall.gif,363,""
"",van10271.direct.ca,01/Aug/1995:00:06:10,/images/USA-logosmall.gif,234,""
"",133.43.96.45,01/Aug/1995:00:06:10,/images/lc39a-logo.gif,13116,""
"",van15422.direct.ca,01/Aug/1995:00:06:11,/software/winvn/winvn.html,9866,""
"",in24.inetnebr.com,01/Aug/1995:00:06:11,/shuttle/missions/sts-68/news/sts-68-mcc-15.txt,1588,""
"",van10271.direct.ca,01/Aug/1995:00:06:12,/images/WORLD-logosmall.gif,669,""
"",134.h-pm2.vgs3.westel.com,01/Aug/1995:00:06:12,/images/KSC-logosmall.gif,1204,""
"",134.h-pm2.vgs3.westel.com,01/Aug/1995:00:06:12,/images/MOSAIC-logosmall.gif,363,""
"",134.h-pm2.vgs3.westel.com,01/Aug/1995:00:06:17,/images/USA-logosmall.gif,234,""
"",piweba1y.prodigy.com,01/Aug/1995:00:06:17,/history/gemini/gemini.html,2522,""
"",www-d3.proxy.aol.com,01/Aug/1995:00:06:17,/shuttle/missions/sts-71/movies/sts-71-mir-dock-2.mpg,835394,""
"",ix-dfw12-08.ix.netcom.com,01/Aug/1995:00:06:20,/software/winvn/winvn.html,9866,""
"",ix-dfw12-08.ix.netcom.com,01/Aug/1995:00:06:21,/software/winvn/winvn.gif,25218,""
"",ix-dfw12-08.ix.netcom.com,01/Aug/1995:00:06:21,/images/construct.gif,1414,""
"",ix-dfw12-08.ix.netcom.com,01/Aug/1995:00:06:21,/software/winvn/bluemarb.gif,4441,""
"",134.h-pm2.vgs3.westel.com,01/Aug/1995:00:06:21,/images/WORLD-logosmall.gif,669,""
"",piweba4y.prodigy.com,01/Aug/1995:00:06:24,/images/ksclogosmall.gif,3635,""
"",js002.cc.utsunomiya-u.ac.jp,01/Aug/1995:00:06:25,/shuttle/resources/orbiters/discovery.html,6849,""
"",ad06-061.compuserve.com,01/Aug/1995:00:06:28,/history/apollo/apollo-13/apollo-13.html,18556,""
"",ix-dfw12-08.ix.netcom.com,01/Aug/1995:00:06:28,/software/winvn/wvsmall.gif,13372,""
"",js002.cc.utsunomiya-u.ac.jp,01/Aug/1995:00:06:33,/shuttle/resources/orbiters/discovery-logo.gif,4179,""
"",ix-dfw12-08.ix.netcom.com,01/Aug/1995:00:06:34,/images/KSC-logosmall.gif,1204,""
"",ix-dfw12-08.ix.netcom.com,01/Aug/1995:00:06:34,/images/MOSAIC-logosmall.gif,363,""
"",haraway.ucet.ufl.edu,01/Aug/1995:00:06:35,/shuttle/missions/sts-71/movies/sts-71-rollover.mpg,569688,""
"",piweba4y.prodigy.com,01/Aug/1995:00:06:38,/history/apollo/images/footprint-logo.gif,4209,""
"",133.43.96.45,01/Aug/1995:00:06:38,/images/kscmap-tiny.gif,2537,""
"",js002.cc.utsunomiya-u.ac.jp,01/Aug/1995:00:06:39,/shuttle/resources/orbiters/orbiters-logo.gif,1932,""
"",piweba1y.prodigy.com,01/Aug/1995:00:06:39,/history/apollo/apollo.html,3260,""
"",ix-dfw12-08.ix.netcom.com,01/Aug/1995:00:06:39,/images/USA-logosmall.gif,234,""
"",van15422.direct.ca,01/Aug/1995:00:06:40,/software/winvn/winvn.gif,25218,""
"",ix-dfw12-08.ix.netcom.com,01/Aug/1995:00:06:41,/images/WORLD-logosmall.gif,669,""
"",pm9.j51.com,01/Aug/1995:00:06:47,/images/dual-pad.gif,141308,""
"",ad11-061.compuserve.com,01/Aug/1995:00:06:50,/,7280,""
"",piweba1y.prodigy.com,01/Aug/1995:00:06:51,/history/apollo/images/footprint-small.gif,18149,""
"",ad11-061.compuserve.com,01/Aug/1995:00:06:52,/images/ksclogo-medium.gif,5866,""
"",uplherc.upl.com,01/Aug/1995:00:06:52,/shuttle/missions/sts-68/ksc-srl-image.html,1404,""
"",uplherc.upl.com,01/Aug/1995:00:06:58,/shuttle/missions/sts-68/images/ksc-upclose.gif,86984,""
"",ad11-061.compuserve.com,01/Aug/1995:00:06:59,/images/NASA-logosmall.gif,786,""
"",ad11-061.compuserve.com,01/Aug/1995:00:06:59,/images/MOSAIC-logosmall.gif,363,""
"",ad11-061.compuserve.com,01/Aug/1995:00:06:59,/images/USA-logosmall.gif,234,""
"",ad11-061.compuserve.com,01/Aug/1995:00:07:00,/images/WORLD-logosmall.gif,669,""
"",piweba4y.prodigy.com,01/Aug/1995:00:07:03,/history/apollo/apollo-13/apollo-13-patch-small.gif,12859,""
"",www-c3.proxy.aol.com,01/Aug/1995:00:07:05,/images/,17688,""
"",piweba1y.prodigy.com,01/Aug/1995:00:07:06,/history/apollo/images/apollo-logo1.gif,1173,""
"",uplherc.upl.com,01/Aug/1995:00:07:07,/shuttle/missions/sts-68/images/ksc.gif,152676,""
"",van15422.direct.ca,01/Aug/1995:00:07:08,/images/construct.gif,1414,""
"",van15422.direct.ca,01/Aug/1995:00:07:11,/software/winvn/bluemarb.gif,4441,""
"",ad11-061.compuserve.com,01/Aug/1995:00:07:13,/shuttle/countdown/,4324,""
"",ad11-061.compuserve.com,01/Aug/1995:00:07:18,/images/KSC-logosmall.gif,1204,""
"",van15422.direct.ca,01/Aug/1995:00:07:23,/software/winvn/wvsmall.gif,13372,""
"",ad11-061.compuserve.com,01/Aug/1995:00:07:24,/shuttle/countdown/count70.gif,46573,""
"",uplherc.upl.com,01/Aug/1995:00:07:31,/shuttle/missions/sts-66/sts-66-patch-small.gif,20271,""
"",pm9.j51.com,01/Aug/1995:00:07:33,/facilities/mlp.html,2653,""
"",piweba4y.prodigy.com,01/Aug/1995:00:07:35,/images/ksclogosmall.gif,3635,""
"",pm9.j51.com,01/Aug/1995:00:07:35,/images/mlp-logo.gif,28426,""
"",piweba1y.prodigy.com,01/Aug/1995:00:07:36,/history/apollo/apollo-13/apollo-13.html,18556,""
"",uplherc.upl.com,01/Aug/1995:00:07:40,/shuttle/missions/sts-66/mission-sts-66.html,174452,""
"",js002.cc.utsunomiya-u.ac.jp,01/Aug/1995:00:07:44,/shuttle/resources/orbiters/endeavour.html,6168,""
"",ad06-061.compuserve.com,01/Aug/1995:00:07:44,/history/apollo/apollo-13/apollo-13-patch-small.gif,12859,""
"",139.230.35.135,01/Aug/1995:00:07:44,/shuttle/countdown/,4324,""
"",piweba3y.prodigy.com,01/Aug/1995:00:07:44,/images/ksclogo-medium.gif,5866,""
"",in24.inetnebr.com,01/Aug/1995:00:07:47,/shuttle/missions/sts-68/news/sts-68-mcc-16.txt,1365,""
"",piweba4y.prodigy.com,01/Aug/1995:00:07:53,/history/apollo/images/footprint-logo.gif,4209,""
"",ad06-061.compuserve.com,01/Aug/1995:00:07:55,/images/ksclogosmall.gif,3635,""
"",js002.cc.utsunomiya-u.ac.jp,01/Aug/1995:00:07:55,/shuttle/resources/orbiters/endeavour-logo.gif,5052,""
"",ip-pdx6-54.teleport.com,01/Aug/1995:00:07:58,/history/apollo/images/footprint-small.gif,18149,""
"",ip-pdx6-54.teleport.com,01/Aug/1995:00:07:59,/history/apollo/apollo-13/apollo-13-patch-small.gif,12859,""
"",ip-pdx6-54.teleport.com,01/Aug/1995:00:08:01,/history/apollo/images/footprint-small.gif,18149,""
"",piweba3y.prodigy.com,01/Aug/1995:00:08:01,/shuttle/missions/sts-71/mission-sts-71.html,13450,""
"",ad06-061.compuserve.com,01/Aug/1995:00:08:07,/history/apollo/images/footprint-logo.gif,4209,""
"",in24.inetnebr.com,01/Aug/1995:00:08:20,/shuttle/missions/sts-68/news/sts-68-mcc-17.txt,2064,""
"",piweba3y.prodigy.com,01/Aug/1995:00:08:21,/shuttle/missions/sts-71/sts-71-patch-small.gif,12054,""
"",piweba1y.prodigy.com,01/Aug/1995:00:08:29,/history/apollo/apollo-13/apollo-13-patch-small.gif,12859,""
"",slip-4-12.ots.utexas.edu,01/Aug/1995:00:08:29,/history/gemini/gemini.html,2522,""
"",piweba3y.prodigy.com,01/Aug/1995:00:08:29,/images/KSC-logosmall.gif,1204,""
"",slip-4-12.ots.utexas.edu,01/Aug/1995:00:08:31,/images/gemini-logo.gif,4452,""
"",slip-4-12.ots.utexas.edu,01/Aug/1995:00:08:32,/history/apollo/images/apollo-logo.gif,3047,""
"",slip-4-12.ots.utexas.edu,01/Aug/1995:00:08:34,/images/ksclogosmall.gif,3635,""
"",pm9.j51.com,01/Aug/1995:00:08:39,/ksc.html,7280,""
"",uplherc.upl.com,01/Aug/1995:00:08:40,/shuttle/missions/sts-63/sts-63-patch-small.gif,16102,""
"",uplherc.upl.com,01/Aug/1995:00:08:41,/shuttle/missions/sts-63/mission-sts-63.html,53507,""
"",pm9.j51.com,01/Aug/1995:00:08:41,/images/ksclogo-medium.gif,5866,""
"",piweba3y.prodigy.com,01/Aug/1995:00:08:42,/images/launch-logo.gif,1713,""
"",ad11-061.compuserve.com,01/Aug/1995:00:08:42,"/cgi-bin/imagemap/countdown70?183,288",110,""
"",pm9.j51.com,01/Aug/1995:00:08:45,/images/USA-logosmall.gif,234,""
"",uplherc.upl.com,01/Aug/1995:00:08:46,/shuttle/resources/orbiters/discovery.html,6849,""
"",ad11-061.compuserve.com,01/Aug/1995:00:08:46,/shuttle/missions/sts-70/movies/movies.html,2979,""
"",uplherc.upl.com,01/Aug/1995:00:08:47,/shuttle/resources/orbiters/discovery-logo.gif,4179,""
"",pm9.j51.com,01/Aug/1995:00:08:47,/images/NASA-logosmall.gif,786,""
"",139.230.35.135,01/Aug/1995:00:08:47,/shuttle/countdown/,0,""
"",piweba1y.prodigy.com,01/Aug/1995:00:08:47,/history/apollo/images/footprint-logo.gif,4209,""
"",piweba3y.prodigy.com,01/Aug/1995:00:08:48,/history/apollo/images/apollo-logo1.gif,1173,""
"",pm9.j51.com,01/Aug/1995:00:08:48,/images/MOSAIC-logosmall.gif,363,""
"",ad11-061.compuserve.com,01/Aug/1995:00:08:49,/shuttle/missions/sts-70/sts-70-patch-small.gif,5978,""
"",139.230.35.135,01/Aug/1995:00:08:50,/images/KSC-logosmall.gif,1204,""
"",piweba4y.prodigy.com,01/Aug/1995:00:08:50,/history/apollo/images/footprint-logo.gif,4209,""
"",uplherc.upl.com,01/Aug/1995:00:08:51,/shuttle/resources/orbiters/endeavour.html,6168,""
"",uplherc.upl.com,01/Aug/1995:00:08:52,/shuttle/resources/orbiters/endeavour-logo.gif,5052,""
"",pm9.j51.com,01/Aug/1995:00:08:52,/images/WORLD-logosmall.gif,669,""
"",139.230.35.135,01/Aug/1995:00:08:52,/images/NASA-logosmall.gif,786,""
"",uplherc.upl.com,01/Aug/1995:00:09:23,/shuttle/missions/sts-63/sts-63-patch.jpg,122880,""
"",js002.cc.utsunomiya-u.ac.jp,01/Aug/1995:00:09:34,/shuttle/resources/orbiters/endeavour.gif,16991,""
"",piweba1y.prodigy.com,01/Aug/1995:00:09:40,/history/apollo/images/footprint-logo.gif,4209,""
"",in24.inetnebr.com,01/Aug/1995:00:09:41,/shuttle/missions/sts-68/news/sts-68-mcc-18.txt,871,""
"",uplherc.upl.com,01/Aug/1995:00:09:44,/shuttle/missions/sts-70/mission-sts-70.html,20224,""
"",uplherc.upl.com,01/Aug/1995:00:09:45,/shuttle/missions/sts-70/sts-70-patch-small.gif,5978,""
"",slip-4-12.ots.utexas.edu,01/Aug/1995:00:09:50,/history/gemini/movies/gemini-launch.mpg,104987,""
"",uplherc.upl.com,01/Aug/1995:00:09:55,/facilities/lc39a.html,7008,""
"",uplherc.upl.com,01/Aug/1995:00:09:56,/images/lc39a-logo.gif,13116,""
"",uplherc.upl.com,01/Aug/1995:00:09:57,/images/kscmap-tiny.gif,2537,""
"",piweba3y.prodigy.com,01/Aug/1995:00:10:22,/shuttle/missions/sts-71/images/index71.gif,337360,""
"",www-b5.proxy.aol.com,01/Aug/1995:00:10:23,/,7280,""
"",dd09-012.compuserve.com,01/Aug/1995:00:10:26,/,7280,""
"",uplherc.upl.com,01/Aug/1995:00:10:28,/images/rss.gif,283389,""
"",rainbow.mts.chiba-u.ac.jp,01/Aug/1995:00:10:34,/,7280,""
"",rainbow.mts.chiba-u.ac.jp,01/Aug/1995:00:10:40,/images/ksclogo-medium.gif,5866,""
"",rainbow.mts.chiba-u.ac.jp,01/Aug/1995:00:10:46,/images/NASA-logosmall.gif,786,""
"",rainbow.mts.chiba-u.ac.jp,01/Aug/1995:00:10:48,/images/MOSAIC-logosmall.gif,363,""
"",rainbow.mts.chiba-u.ac.jp,01/Aug/1995:00:10:49,/images/USA-logosmall.gif,234,""
"",rainbow.mts.chiba-u.ac.jp,01/Aug/1995:00:10:49,/images/WORLD-logosmall.gif,669,""
"",www-b5.proxy.aol.com,01/Aug/1995:00:10:50,/history/history.html,1602,""
"",143.158.26.50,01/Aug/1995:00:10:53,/,7280,""
"",www-b5.proxy.aol.com,01/Aug/1995:00:10:55,/images/KSC-logosmall.gif,1204,""
"",143.158.26.50,01/Aug/1995:00:10:55,/images/ksclogo-medium.gif,5866,""
"",www-b5.proxy.aol.com,01/Aug/1995:00:10:55,/history/apollo/images/apollo-small.gif,9630,""
"",143.158.26.50,01/Aug/1995:00:11:02,/images/NASA-logosmall.gif,786,""
"",www-b5.proxy.aol.com,01/Aug/1995:00:11:05,/history/apollo/apollo.html,3260,""
"",143.158.26.50,01/Aug/1995:00:11:06,/images/MOSAIC-logosmall.gif,0,""
"",dd09-012.compuserve.com,01/Aug/1995:00:11:06,/images/ksclogo-medium.gif,5866,""
"",www-b5.proxy.aol.com,01/Aug/1995:00:11:11,/history/apollo/images/footprint-small.gif,18149,""
"",www-b5.proxy.aol.com,01/Aug/1995:00:11:11,/history/apollo/images/apollo-logo1.gif,1173,""
"",dd09-012.compuserve.com,01/Aug/1995:00:11:13,/images/NASA-logosmall.gif,786,""
"",dd09-012.compuserve.com,01/Aug/1995:00:11:15,/images/MOSAIC-logosmall.gif,363,""
"",dd09-012.compuserve.com,01/Aug/1995:00:11:18,/images/USA-logosmall.gif,234,""
"",delorme.richard.i4e000.ic.gc.ca,01/Aug/1995:00:11:18,/shuttle/technology/images/mission_profile_2-small.gif,35540,""
"",dd09-012.compuserve.com,01/Aug/1995:00:11:19,/images/WORLD-logosmall.gif,669,""
"",delorme.richard.i4e000.ic.gc.ca,01/Aug/1995:00:11:24,/shuttle/technology/images/tal_abort_2-small.gif,10099,""
"",www-b5.proxy.aol.com,01/Aug/1995:00:11:28,/history/apollo/apollo-13/apollo-13.html,18556,""
"",uplherc.upl.com,01/Aug/1995:00:11:43,/shuttle/missions/sts-26/mission-sts-26.html,6960,""
"",uplherc.upl.com,01/Aug/1995:00:11:45,/shuttle/missions/sts-26/sts-26-patch-small.gif,9581,""
"",ykline6.internorth.com,01/Aug/1995:00:11:47,/images/,17688,""
"",www-b5.proxy.aol.com,01/Aug/1995:00:11:59,/images/ksclogosmall.gif,3635,""
"",www-b5.proxy.aol.com,01/Aug/1995:00:11:59,/history/apollo/images/footprint-logo.gif,4209,""
"",piweba1y.prodigy.com,01/Aug/1995:00:12:07,/history/apollo/apollo-13/apollo-13-info.html,1583,""
"",ad06-061.compuserve.com,01/Aug/1995:00:12:10,/history/apollo/apollo-13/apollo-13.html,18556,""
"",ns2.sharp.co.jp,01/Aug/1995:00:12:15,/,7280,""
"",pipe1.nyc.pipeline.com,01/Aug/1995:00:12:22,/history/apollo/apollo-13/apollo-13.html,18556,""
"",rainbow.mts.chiba-u.ac.jp,01/Aug/1995:00:12:28,/shuttle/missions/missions.html,8677,""
"",38.10.180.30,01/Aug/1995:00:12:29,/msfc/astro_home.html,0,""
"",in24.inetnebr.com,01/Aug/1995:00:12:31,/shuttle/missions/sts-68/mission-sts-68.html,49702,""
"",rainbow.mts.chiba-u.ac.jp,01/Aug/1995:00:12:36,/images/launchmedium.gif,11853,""
"",rainbow.mts.chiba-u.ac.jp,01/Aug/1995:00:12:42,/images/KSC-logosmall.gif,1204,""
"",uplherc.upl.com,01/Aug/1995:00:12:46,/shuttle/technology/sts-newsref/sts_asm.html,71654,""
"",139.230.35.135,01/Aug/1995:00:12:47,/shuttle/countdown/count70.gif,46573,""
"",uplherc.upl.com,01/Aug/1995:00:12:48,/shuttle/technology/images/srb_mod_compare_6-small.gif,28219,""
"",ns2.sharp.co.jp,01/Aug/1995:00:12:48,/images/ksclogo-medium.gif,5866,""
"",uplherc.upl.com,01/Aug/1995:00:12:49,/shuttle/technology/images/srb_mod_compare_1-small.gif,36902,""
"",uplherc.upl.com,01/Aug/1995:00:12:50,/shuttle/technology/images/srb_mod_compare_3-small.gif,55666,""
"",uplherc.upl.com,01/Aug/1995:00:12:53,/images/shuttle-patch-logo.gif,891,""
"",ns2.sharp.co.jp,01/Aug/1995:00:13:07,/images/NASA-logosmall.gif,786,""
"",ix-dfw12-08.ix.netcom.com,01/Aug/1995:00:13:12,/software/winvn/userguide/3_1_1_11.htm,3317,""
"",ix-dfw12-08.ix.netcom.com,01/Aug/1995:00:13:14,/software/winvn/userguide/docscont.gif,479,""
"",ix-dfw12-08.ix.netcom.com,01/Aug/1995:00:13:14,/software/winvn/userguide/docsrigh.gif,483,""
"",ix-dfw12-08.ix.netcom.com,01/Aug/1995:00:13:15,/software/winvn/userguide/winvn30.gif,3582,""
"",ix-dfw12-08.ix.netcom.com,01/Aug/1995:00:13:15,/software/winvn/userguide/docsleft.gif,494,""
"",128.159.129.170,01/Aug/1995:00:13:16,/,7280,""
"",ns2.sharp.co.jp,01/Aug/1995:00:13:16,/images/MOSAIC-logosmall.gif,363,""
"",128.159.129.170,01/Aug/1995:00:13:16,/images/ksclogo-medium.gif,5866,""
"",128.159.129.170,01/Aug/1995:00:13:18,/images/NASA-logosmall.gif,786,""
"",128.159.129.170,01/Aug/1995:00:13:18,/images/MOSAIC-logosmall.gif,363,""
"",128.159.129.170,01/Aug/1995:00:13:19,/images/USA-logosmall.gif,234,""
"",128.159.129.170,01/Aug/1995:00:13:19,/images/WORLD-logosmall.gif,669,""
"",ns2.sharp.co.jp,01/Aug/1995:00:13:24,/images/USA-logosmall.gif,234,""
"",www-d3.proxy.aol.com,01/Aug/1995:00:13:30,/images/,17688,""
"",dd09-012.compuserve.com,01/Aug/1995:00:13:30,/facts/facts.html,4722,""
"",ns2.sharp.co.jp,01/Aug/1995:00:13:34,/images/WORLD-logosmall.gif,669,""
"",dd09-012.compuserve.com,01/Aug/1995:00:13:36,/images/faq.gif,263,""
"",dd09-012.compuserve.com,01/Aug/1995:00:13:40,/images/KSC-logosmall.gif,1204,""
"",in24.inetnebr.com,01/Aug/1995:00:13:42,/shuttle/missions/sts-68/mission-sts-68.html,49702,""
"",pm9.j51.com,01/Aug/1995:00:13:43,/history/apollo/apollo-spacecraft.txt,2261,""
"",piweba1y.prodigy.com,01/Aug/1995:00:13:46,/history/apollo/apollo-13/apollo-13-info.html,1583,""
"",www-d3.proxy.aol.com,01/Aug/1995:00:13:47,/icons/blank.xbm,509,""
"",rainbow.mts.chiba-u.ac.jp,01/Aug/1995:00:13:48,/shuttle/missions/sts-1/mission-sts-1.html,8492,""
"",www-d3.proxy.aol.com,01/Aug/1995:00:13:51,/icons/image.xbm,509,""
"",www-d3.proxy.aol.com,01/Aug/1995:00:13:52,/icons/menu.xbm,527,""
"",www-d3.proxy.aol.com,01/Aug/1995:00:13:58,/icons/unknown.xbm,515,""
"",rainbow.mts.chiba-u.ac.jp,01/Aug/1995:00:14:00,/shuttle/missions/sts-1/sts-1-patch-small.gif,14176,""
"",dd09-012.compuserve.com,01/Aug/1995:00:14:01,/facts/faq07.html,10877,""
"",139.230.35.135,01/Aug/1995:00:14:04,/htbin/cdt_main.pl,3714,""
"",piweba1y.prodigy.com,01/Aug/1995:00:14:04,/history/apollo/apollo-13/movies/,945,""
"",143.158.26.50,01/Aug/1995:00:14:07,/,7280,""
"",143.158.26.50,01/Aug/1995:00:14:09,/images/ksclogo-medium.gif,5866,""
"",143.158.26.50,01/Aug/1995:00:14:11,/images/NASA-logosmall.gif,786,""
"",rainbow.mts.chiba-u.ac.jp,01/Aug/1995:00:14:12,/images/launch-logo.gif,1713,""
"",piweba1y.prodigy.com,01/Aug/1995:00:14:15,/icons/blank.xbm,509,""
"",143.158.26.50,01/Aug/1995:00:14:16,/images/MOSAIC-logosmall.gif,363,""
"",rainbow.mts.chiba-u.ac.jp,01/Aug/1995:00:14:16,/history/apollo/images/apollo-logo1.gif,1173,""
"",143.158.26.50,01/Aug/1995:00:14:20,/images/USA-logosmall.gif,234,""
"",143.158.26.50,01/Aug/1995:00:14:24,/images/WORLD-logosmall.gif,669,""
"",piweba1y.prodigy.com,01/Aug/1995:00:14:24,/icons/menu.xbm,527,""
"",uplherc.upl.com,01/Aug/1995:00:14:38,/images/shuttle-patch-small.gif,4179,""
"",uplherc.upl.com,01/Aug/1995:00:14:41,/shuttle/technology/sts-newsref/stsref-toc.html,84905,""
"",143.158.26.50,01/Aug/1995:00:14:41,/shuttle/countdown/,4324,""
"",143.158.26.50,01/Aug/1995:00:14:44,/shuttle/countdown/count70.gif,46573,""
"",139.230.35.135,01/Aug/1995:00:14:45,/htbin/cdt_main.pl,3714,""
"",139.230.35.135,01/Aug/1995:00:14:48,/shuttle/countdown/images/countclock.gif,13994,""
"",143.158.26.50,01/Aug/1995:00:14:48,/images/KSC-logosmall.gif,1204,""
"",133.43.96.45,01/Aug/1995:00:14:50,/history/apollo/apollo.html,3260,""
"",piweba1y.prodigy.com,01/Aug/1995:00:14:51,/icons/movie.xbm,530,""
"",dd09-012.compuserve.com,01/Aug/1995:00:14:57,/images/ksclogosmall.gif,3635,""
"",143.158.26.50,01/Aug/1995:00:14:59,/shuttle/missions/sts-70/mission-sts-70.html,20224,""
"",js002.cc.utsunomiya-u.ac.jp,01/Aug/1995:00:15:01,/images/launch.gif,240458,""
"",139.230.35.135,01/Aug/1995:00:15:03,/images/NASA-logosmall.gif,0,""
"",143.158.26.50,01/Aug/1995:00:15:06,/shuttle/missions/sts-70/sts-70-patch-small.gif,5978,""
"",rainbow.mts.chiba-u.ac.jp,01/Aug/1995:00:15:09,/persons/astronauts/u-to-z/YoungJW.txt,7114,""
"",143.158.26.50,01/Aug/1995:00:15:09,/images/launch-logo.gif,1713,""
"",143.158.26.50,01/Aug/1995:00:15:11,/history/apollo/images/apollo-logo1.gif,1173,""
"",133.43.96.45,01/Aug/1995:00:15:12,/history/apollo/images/footprint-small.gif,18149,""
"",194.157.109.130,01/Aug/1995:00:15:33,/history/history.html,1602,""
"",194.157.109.130,01/Aug/1995:00:15:35,/history/apollo/images/apollo-small.gif,9630,""
"",194.157.109.130,01/Aug/1995:00:15:41,/history/rocket-history.txt,26990,""
"",uplherc.upl.com,01/Aug/1995:00:15:47,/shuttle/technology/sts-newsref/sts-av.html,117168,""
"",rdr4.ccinet.ab.ca,01/Aug/1995:00:16:08,/shuttle/countdown/,4324,""
"",rdr4.ccinet.ab.ca,01/Aug/1995:00:16:10,/shuttle/countdown/count70.gif,0,""
"",rdr4.ccinet.ab.ca,01/Aug/1995:00:16:11,/images/NASA-logosmall.gif,0,""
"",uplherc.upl.com,01/Aug/1995:00:16:12,/shuttle/technology/sts-newsref/sts-gnnc.html,119561,""
"",rdr4.ccinet.ab.ca,01/Aug/1995:00:16:12,/images/KSC-logosmall.gif,0,""
"",131.235.117.31,01/Aug/1995:00:16:15,/images/,17688,""
"",uplherc.upl.com,01/Aug/1995:00:16:15,/images/launch-small.gif,3938,""
"",131.235.117.31,01/Aug/1995:00:16:17,/icons/blank.xbm,509,""
"",131.235.117.31,01/Aug/1995:00:16:17,/icons/menu.xbm,527,""
"",131.235.117.31,01/Aug/1995:00:16:18,/icons/image.xbm,509,""
"",131.235.117.31,01/Aug/1995:00:16:22,/icons/unknown.xbm,515,""
"",ad10-015.compuserve.com,01/Aug/1995:00:16:43,/shuttle/missions/51-l/mission-51-l.html,6658,""
"",dialip129.gov.bc.ca,01/Aug/1995:00:16:47,/history/apollo/apollo.html,3260,""
"",async59.ts-p-caps.caps.maine.edu,01/Aug/1995:00:16:49,/software/winvn/wvlarge.gif,8192,""
"",delorme.richard.i4e000.ic.gc.ca,01/Aug/1995:00:16:56,/shuttle/technology/images/sts_spec_6-small.gif,47145,""
"",ad10-015.compuserve.com,01/Aug/1995:00:16:57,/shuttle/missions/51-l/51-l-patch-small.gif,10495,""
"",palpk-s13.intac.com,01/Aug/1995:00:16:59,/images/,17688,""
"",scctn02.sp.ac.sg,01/Aug/1995:00:16:59,/,7280,""
"",palpk-s13.intac.com,01/Aug/1995:00:17:01,/icons/blank.xbm,509,""
"",palpk-s13.intac.com,01/Aug/1995:00:17:01,/icons/menu.xbm,527,""
"",palpk-s13.intac.com,01/Aug/1995:00:17:01,/icons/image.xbm,509,""
"",palpk-s13.intac.com,01/Aug/1995:00:17:05,/icons/unknown.xbm,515,""
"",143.158.26.50,01/Aug/1995:00:17:18,/history/history.html,1602,""
"",palpk-s13.intac.com,01/Aug/1995:00:17:20,/images/NASAseal-small.gif,2027,""
"",143.158.26.50,01/Aug/1995:00:17:22,/history/apollo/images/apollo-small.gif,9630,""
"",dialip129.gov.bc.ca,01/Aug/1995:00:17:23,/history/apollo/apollo-11/apollo-11.html,44877,""
"",143.158.26.50,01/Aug/1995:00:17:29,/shuttle/missions/missions.html,8677,""
"",139.230.35.135,01/Aug/1995:00:17:29,/shuttle/countdown/liftoff.html,5220,""
"",palpk-s13.intac.com,01/Aug/1995:00:17:31,/images/KSC-94EC-412-small.gif,20484,""
"",143.158.26.50,01/Aug/1995:00:17:32,/images/launchmedium.gif,11853,""
"",ad11-061.compuserve.com,01/Aug/1995:00:17:38,/shuttle/missions/sts-70/movies/sts-70-launch.mpg,717587,""
"",139.230.35.135,01/Aug/1995:00:17:41,/shuttle/countdown/liftoff.html,5220,""
"",139.230.35.135,01/Aug/1995:00:17:53,/shuttle/countdown/liftoff.html,5220,""
"",delorme.richard.i4e000.ic.gc.ca,01/Aug/1995:00:17:54,/shuttle/technology/images/launch_sites_8-small.gif,74267,""
"",ykline6.internorth.com,01/Aug/1995:00:17:55,/images/landing-small.gif,16966,""
"",143.158.26.50,01/Aug/1995:00:18:00,/shuttle/missions/61-b/mission-61-b.html,6468,""
"",143.158.26.50,01/Aug/1995:00:18:06,/shuttle/missions/61-b/61-b-patch-small.gif,12722,""
"",143.158.26.50,01/Aug/1995:00:18:12,/shuttle/missions/61-c/mission-61-c.html,8337,""
"",143.158.26.50,01/Aug/1995:00:18:17,/shuttle/missions/61-c/61-c-patch-small.gif,11963,""
"",palpk-s13.intac.com,01/Aug/1995:00:18:27,/images/bluemarb.gif,4441,""
"",143.158.26.50,01/Aug/1995:00:18:39,/shuttle/missions/51-c/mission-51-c.html,4551,""
"",143.158.26.50,01/Aug/1995:00:18:40,/shuttle/missions/51-c/51-c-patch-small.gif,12632,""
"",dialip129.gov.bc.ca,01/Aug/1995:00:18:42,/history/apollo/apollo-11/apollo-11-info.html,1457,""
"",143.158.26.50,01/Aug/1995:00:18:49,/shuttle/missions/51-d/mission-51-d.html,6544,""
"",143.158.26.50,01/Aug/1995:00:18:51,/shuttle/missions/51-d/51-d-patch-small.gif,15573,""
"",palpk-s13.intac.com,01/Aug/1995:00:19:04,/images/construct.gif,1414,""
"",dialip129.gov.bc.ca,01/Aug/1995:00:19:07,/history/apollo/apollo-11/apollo-11-info.html,1457,""
"",pm9.j51.com,01/Aug/1995:00:19:09,/history/apollo/apollo-goals.txt,712,""
"",uplherc.upl.com,01/Aug/1995:00:19:09,/shuttle/technology/images/sts_body_2-small.gif,30067,""
"",uplherc.upl.com,01/Aug/1995:00:19:15,/shuttle/technology/sts-newsref/sts_coord.html,136804,""
"",uplherc.upl.com,01/Aug/1995:00:19:16,/shuttle/technology/images/crew_compartment_13-small.gif,79088,""
"",uplherc.upl.com,01/Aug/1995:00:19:17,/shuttle/technology/images/aft_fuselage_2-small.gif,45632,""
"",www-b3.proxy.aol.com,01/Aug/1995:00:19:27,/images/,17688,""
"",ppp3_069.bekkoame.or.jp,01/Aug/1995:00:19:32,/shuttle/countdown/,4324,""
"",blv-pm11-ip17.halcyon.com,01/Aug/1995:00:19:35,/,7280,""
"",ppp3_069.bekkoame.or.jp,01/Aug/1995:00:19:39,/images/NASA-logosmall.gif,786,""
"",ppp3_069.bekkoame.or.jp,01/Aug/1995:00:19:40,/images/KSC-logosmall.gif,1204,""
"",blv-pm11-ip17.halcyon.com,01/Aug/1995:00:19:41,/images/ksclogo-medium.gif,5866,""
"",scctn02.sp.ac.sg,01/Aug/1995:00:19:41,/,7280,""
"",palpk-s13.intac.com,01/Aug/1995:00:19:43,/images/de-logo.gif,863,""
"",ppp3_069.bekkoame.or.jp,01/Aug/1995:00:19:51,/shuttle/countdown/count70.gif,46573,""
"",pm9.j51.com,01/Aug/1995:00:19:51,/history/apollo/flight-summary.txt,5086,""
"",palpk-s13.intac.com,01/Aug/1995:00:19:54,/images/crawler-logo.gif,14108,""
"",blv-pm11-ip17.halcyon.com,01/Aug/1995:00:20:01,/images/NASA-logosmall.gif,786,""
"",scctn02.sp.ac.sg,01/Aug/1995:00:20:01,/images/ksclogo-medium.gif,5866,""
"",blv-pm11-ip17.halcyon.com,01/Aug/1995:00:20:06,/images/USA-logosmall.gif,234,""
"",blv-pm11-ip17.halcyon.com,01/Aug/1995:00:20:07,/images/MOSAIC-logosmall.gif,363,""
"",139.230.35.135,01/Aug/1995:00:20:10,/shuttle/countdown/liftoff.html,5220,""
"",dialip129.gov.bc.ca,01/Aug/1995:00:20:11,/history/apollo/apollo-11/images/,3459,""
"",blv-pm11-ip17.halcyon.com,01/Aug/1995:00:20:13,/images/WORLD-logosmall.gif,669,""
"",dd09-012.compuserve.com,01/Aug/1995:00:20:23,/ksc.html,7280,""
"",van15423.direct.ca,01/Aug/1995:00:20:28,/software/winvn/winvn.html,0,""
"",van15423.direct.ca,01/Aug/1995:00:20:29,/images/construct.gif,0,""
"",van15423.direct.ca,01/Aug/1995:00:20:29,/software/winvn/bluemarb.gif,0,""
"",van15423.direct.ca,01/Aug/1995:00:20:29,/software/winvn/wvsmall.gif,0,""
"",van15423.direct.ca,01/Aug/1995:00:20:30,/images/KSC-logosmall.gif,0,""
"",van15423.direct.ca,01/Aug/1995:00:20:31,/images/WORLD-logosmall.gif,0,""
"",van15423.direct.ca,01/Aug/1995:00:20:34,/software/winvn/winvn.gif,0,""
"",van15423.direct.ca,01/Aug/1995:00:20:35,/images/MOSAIC-logosmall.gif,0,""
"",van15423.direct.ca,01/Aug/1995:00:20:36,/images/USA-logosmall.gif,0,""
"",cs1-08.leh.ptd.net,01/Aug/1995:00:20:41,/ksc.html,7280,""
"",blv-pm11-ip17.halcyon.com,01/Aug/1995:00:20:41,/shuttle/countdown/,4324,""
"",ip-pdx8-55.teleport.com,01/Aug/1995:00:20:42,/ksc.html,7280,""
"",cs1-08.leh.ptd.net,01/Aug/1995:00:20:43,/images/ksclogo-medium.gif,5866,""
"",www-d1.proxy.aol.com,01/Aug/1995:00:20:44,/images/shuttle-patch-small.gif,4179,""
"",ip-pdx8-55.teleport.com,01/Aug/1995:00:20:45,/images/ksclogo-medium.gif,5866,""
"",cs1-08.leh.ptd.net,01/Aug/1995:00:20:48,/images/NASA-logosmall.gif,786,""
"",cs1-08.leh.ptd.net,01/Aug/1995:00:20:48,/images/MOSAIC-logosmall.gif,363,""
"",ip-pdx8-55.teleport.com,01/Aug/1995:00:20:50,/images/NASA-logosmall.gif,786,""
"",cs1-08.leh.ptd.net,01/Aug/1995:00:20:50,/images/USA-logosmall.gif,234,""
"",cs1-08.leh.ptd.net,01/Aug/1995:00:20:50,/images/WORLD-logosmall.gif,669,""
"",blv-pm11-ip17.halcyon.com,01/Aug/1995:00:20:52,/images/KSC-logosmall.gif,1204,""
"",ip-pdx8-55.teleport.com,01/Aug/1995:00:20:53,/images/MOSAIC-logosmall.gif,363,""
"",ip-pdx8-55.teleport.com,01/Aug/1995:00:20:57,/images/USA-logosmall.gif,234,""
"",blv-pm11-ip17.halcyon.com,01/Aug/1995:00:20:57,/shuttle/countdown/count70.gif,46573,""
"",dd09-012.compuserve.com,01/Aug/1995:00:20:58,/shuttle/missions/sts-70/mission-sts-70.html,20224,""
"",ip-pdx8-55.teleport.com,01/Aug/1995:00:21:00,/images/WORLD-logosmall.gif,669,""
"",133.43.96.45,01/Aug/1995:00:21:01,/history/apollo/apollo-13/apollo-13.html,18556,""
"",133.43.96.45,01/Aug/1995:00:21:04,/history/apollo/apollo-13/apollo-13-patch-small.gif,12859,""
"",ppp3_069.bekkoame.or.jp,01/Aug/1995:00:21:05,"/cgi-bin/imagemap/countdown70?186,284",110,""
"",128.159.129.170,01/Aug/1995:00:21:06,/,7280,""
"",128.159.129.170,01/Aug/1995:00:21:06,/images/ksclogo-medium.gif,5866,""
"",ppp3_069.bekkoame.or.jp,01/Aug/1995:00:21:07,/shuttle/missions/sts-70/movies/movies.html,2979,""
"",cs1-08.leh.ptd.net,01/Aug/1995:00:21:08,/shuttle/missions/sts-71/movies/movies.html,3381,""
"",128.159.129.170,01/Aug/1995:00:21:08,/images/NASA-logosmall.gif,786,""
"",128.159.129.170,01/Aug/1995:00:21:08,/images/MOSAIC-logosmall.gif,363,""
"",128.159.129.170,01/Aug/1995:00:21:09,/images/USA-logosmall.gif,234,""
"",128.159.129.170,01/Aug/1995:00:21:09,/images/WORLD-logosmall.gif,669,""
"",cs1-08.leh.ptd.net,01/Aug/1995:00:21:10,/shuttle/missions/sts-71/sts-71-patch-small.gif,12054,""
"",ppp3_069.bekkoame.or.jp,01/Aug/1995:00:21:13,/shuttle/missions/sts-70/sts-70-patch-small.gif,5978,""
"",pm9.j51.com,01/Aug/1995:00:21:14,/history/apollo/as-201/as-201.html,3679,""
"",tsip52.ionet.net,01/Aug/1995:00:21:16,/shuttle/missions/missions.html,8677,""
"",pm9.j51.com,01/Aug/1995:00:21:17,/history/apollo/as-201/as-201-patch-small.gif,16184,""
"",sunset.somcau.siu.edu,01/Aug/1995:00:21:17,/shuttle/missions/sts-66/sts-66-patch-small.gif,20271,""
"",ip-pdx8-55.teleport.com,01/Aug/1995:00:21:17,/shuttle/countdown/,4324,""
"",palpk-s13.intac.com,01/Aug/1995:00:21:18,/images/whatsnew.gif,651,""
"",tsip52.ionet.net,01/Aug/1995:00:21:19,/images/launchmedium.gif,11853,""
"",sunset.somcau.siu.edu,01/Aug/1995:00:21:24,/shuttle/missions/sts-66/mission-sts-66.html,174452,""
"",tsip52.ionet.net,01/Aug/1995:00:21:26,/images/NASA-logosmall.gif,786,""
"",tsip52.ionet.net,01/Aug/1995:00:21:26,/images/KSC-logosmall.gif,1204,""
"",palpk-s13.intac.com,01/Aug/1995:00:21:28,/images/slf-logo.gif,10966,""
"",sunset.somcau.siu.edu,01/Aug/1995:00:21:28,/images/KSC-logosmall.gif,1204,""
"",ip-pdx8-55.teleport.com,01/Aug/1995:00:21:28,/images/KSC-logosmall.gif,1204,""
"",sunset.somcau.siu.edu,01/Aug/1995:00:21:29,/images/launch-logo.gif,1713,""
"",sunset.somcau.siu.edu,01/Aug/1995:00:21:29,/history/apollo/images/apollo-logo1.gif,1173,""
"",ip-pdx8-55.teleport.com,01/Aug/1995:00:21:32,/shuttle/countdown/count70.gif,46573,""
"",133.43.96.45,01/Aug/1995:00:21:36,/history/apollo/images/footprint-logo.gif,4209,""
"",www-c6.proxy.aol.com,01/Aug/1995:00:21:44,/images/,17688,""
"",dd09-012.compuserve.com,01/Aug/1995:00:21:46,/shuttle/missions/sts-70/sts-70-patch-small.gif,5978,""
"",dd09-012.compuserve.com,01/Aug/1995:00:21:52,/images/launch-logo.gif,1713,""
"",pm9.j51.com,01/Aug/1995:00:21:54,/history/apollo/apollo-4/apollo-4.html,3542,""
"",palpk-s13.intac.com,01/Aug/1995:00:21:55,/images/op.gif,1408,""
"",www-c6.proxy.aol.com,01/Aug/1995:00:21:55,/icons/menu.xbm,527,""
"",dd09-012.compuserve.com,01/Aug/1995:00:21:56,/history/apollo/images/apollo-logo1.gif,1173,""
"",pm9.j51.com,01/Aug/1995:00:21:57,/history/apollo/apollo-4/apollo-4-patch-small.gif,11934,""
"",www-c6.proxy.aol.com,01/Aug/1995:00:21:58,/icons/blank.xbm,509,""
"",www-c6.proxy.aol.com,01/Aug/1995:00:21:58,/icons/image.xbm,509,""
"",www-c6.proxy.aol.com,01/Aug/1995:00:22:04,/icons/unknown.xbm,515,""
"",piweba1y.prodigy.com,01/Aug/1995:00:22:09,/shuttle/missions/sts-70/mission-sts-70.html,20224,""
"",139.230.35.135,01/Aug/1995:00:22:12,/shuttle/countdown/liftoff.html,5220,""
"",www-c6.proxy.aol.com,01/Aug/1995:00:22:14,/images/IMPACT.JPG,169883,""
"",www-d1.proxy.aol.com,01/Aug/1995:00:22:20,/images/launch-logo.gif,1713,""
"",www-d1.proxy.aol.com,01/Aug/1995:00:22:20,/images/KSC-logosmall.gif,1204,""
"",pm6a3.sover.net,01/Aug/1995:00:22:27,/ksc.html,7280,""
"",pm6a3.sover.net,01/Aug/1995:00:22:30,/images/ksclogo-medium.gif,5866,""
"",pm6a3.sover.net,01/Aug/1995:00:22:33,/images/NASA-logosmall.gif,786,""
"",pwestec.sierra.net,01/Aug/1995:00:22:34,/biomed/program.html,31393,""
"",pm6a3.sover.net,01/Aug/1995:00:22:38,/images/MOSAIC-logosmall.gif,363,""
"",palpk-s13.intac.com,01/Aug/1995:00:22:40,/images/imagemaps/,462,""
"",cs1-08.leh.ptd.net,01/Aug/1995:00:22:41,/shuttle/missions/sts-71/movies/sts-71-launch-3.mpg,130724,""
"",palpk-s13.intac.com,01/Aug/1995:00:22:41,/icons/text.xbm,527,""
"",pm6a3.sover.net,01/Aug/1995:00:22:42,/images/USA-logosmall.gif,234,""
"",pm6a3.sover.net,01/Aug/1995:00:22:42,/images/WORLD-logosmall.gif,669,""
"",ras15.srv.net,01/Aug/1995:00:22:48,/shuttle/missions/sts-56/mission-sts-56.html,9298,""
"",palpk-s13.intac.com,01/Aug/1995:00:22:50,/images/imagemaps/stats.map,331,""
"",blv-pm11-ip17.halcyon.com,01/Aug/1995:00:22:50,"/cgi-bin/imagemap/countdown70?67,155",111,""
"",dd09-012.compuserve.com,01/Aug/1995:00:22:51,/shuttle/missions/missions.html,8677,""
"",blv-pm11-ip17.halcyon.com,01/Aug/1995:00:22:52,/shuttle/missions/sts-70/mission-sts-70.html,20224,""
"",ras15.srv.net,01/Aug/1995:00:22:53,/shuttle/missions/sts-56/sts-56-patch-small.gif,9978,""
"",pwestec.sierra.net,01/Aug/1995:00:22:53,/biomed/wwwicons/purple.gif,334,""
"",pwestec.sierra.net,01/Aug/1995:00:22:54,/biomed/wwwicons/blue.gif,334,""
"",pwestec.sierra.net,01/Aug/1995:00:22:55,/biomed/wwwicons/green.gif,334,""
"",pwestec.sierra.net,01/Aug/1995:00:22:57,/biomed/wwwicons/red.gif,334,""
"",pwestec.sierra.net,01/Aug/1995:00:22:58,/biomed/wwwicons/orange.gif,334,""
"",pwestec.sierra.net,01/Aug/1995:00:23:00,/biomed/wwwicons/yellow.gif,334,""
"",pwestec.sierra.net,01/Aug/1995:00:23:02,/biomed/wwwicons/mm.gif,334,""
"",ras15.srv.net,01/Aug/1995:00:23:03,/images/KSC-logosmall.gif,1204,""
"",pm6a3.sover.net,01/Aug/1995:00:23:04,/shuttle/missions/sts-69/mission-sts-69.html,10566,""
"",ppp3_069.bekkoame.or.jp,01/Aug/1995:00:23:06,/shuttle/missions/sts-70/movies/sts-70-launch.mpg,57344,""
"",pm6a3.sover.net,01/Aug/1995:00:23:06,/shuttle/missions/sts-69/sts-69-patch-small.gif,8083,""
"",blv-pm11-ip17.halcyon.com,01/Aug/1995:00:23:08,/shuttle/missions/sts-70/sts-70-patch-small.gif,5978,""
"",ras15.srv.net,01/Aug/1995:00:23:09,/images/launch-logo.gif,1713,""
"",pm9.j51.com,01/Aug/1995:00:23:12,/history/apollo/apollo-1/apollo-1-info.html,1434,""
"",pm6a3.sover.net,01/Aug/1995:00:23:14,/images/KSC-logosmall.gif,1204,""
"",pm6a3.sover.net,01/Aug/1995:00:23:14,/images/launch-logo.gif,1713,""
"",pm6a3.sover.net,01/Aug/1995:00:23:14,/history/apollo/images/apollo-logo1.gif,1173,""
"",ppp3_069.bekkoame.or.jp,01/Aug/1995:00:23:15,"/cgi-bin/imagemap/countdown70?72,218",110,""
"",palpk-s13.intac.com,01/Aug/1995:00:23:16,/images/hq.gif,40582,""
"",ras15.srv.net,01/Aug/1995:00:23:16,/history/apollo/images/apollo-logo1.gif,1173,""
"",ppp3_069.bekkoame.or.jp,01/Aug/1995:00:23:17,/shuttle/missions/sts-70/images/images.html,8657,""
"",dd09-012.compuserve.com,01/Aug/1995:00:23:20,/images/launchmedium.gif,11853,""
"",ppp3_069.bekkoame.or.jp,01/Aug/1995:00:23:31,/shuttle/missions/sts-70/images/KSC-95EC-0515.gif,39252,""
"",blv-pm11-ip17.halcyon.com,01/Aug/1995:00:23:34,/images/launch-logo.gif,1713,""
"",pm9.j51.com,01/Aug/1995:00:23:35,/history/apollo/apollo-1/images/,1190,""
"",blv-pm11-ip17.halcyon.com,01/Aug/1995:00:23:36,/history/apollo/images/apollo-logo1.gif,1173,""
"",pm9.j51.com,01/Aug/1995:00:23:38,/icons/blank.xbm,509,""
"",pm9.j51.com,01/Aug/1995:00:23:41,/icons/menu.xbm,527,""
"",pm9.j51.com,01/Aug/1995:00:23:42,/icons/image.xbm,509,""
"",www-c6.proxy.aol.com,01/Aug/1995:00:24:00,/images/cm-map.gif,22011,""
"",133.43.106.47,01/Aug/1995:00:24:18,/,7280,""
"",dd09-012.compuserve.com,01/Aug/1995:00:24:20,/facts/about_ksc.html,3977,""
"",cherry.hip.berkeley.edu,01/Aug/1995:00:24:21,/history/apollo/apollo-13/apollo-13.html,18556,""
"",dialip129.gov.bc.ca,01/Aug/1995:00:24:21,/history/apollo/apollo-11/images/69HC680.GIF,149444,""
"",139.230.35.135,01/Aug/1995:00:24:22,/shuttle/missions/sts-70/images/images.html,8657,""
"",cherry.hip.berkeley.edu,01/Aug/1995:00:24:23,/history/apollo/apollo-13/apollo-13-patch-small.gif,12859,""
"",dd09-012.compuserve.com,01/Aug/1995:00:24:25,/images/launchpalms-small.gif,11473,""
"",133.43.106.47,01/Aug/1995:00:24:29,/images/ksclogo-medium.gif,5866,""
"",piweba1y.prodigy.com,01/Aug/1995:00:24:29,/shuttle/missions/sts-70/sts-70-patch-small.gif,5978,""
"",dd12-062.compuserve.com,01/Aug/1995:00:24:37,/shuttle/missions/missions.html,8677,""
"",piweba1y.prodigy.com,01/Aug/1995:00:24:40,/images/KSC-logosmall.gif,1204,""
"",cherry.hip.berkeley.edu,01/Aug/1995:00:24:44,/images/ksclogosmall.gif,3635,""
"",cherry.hip.berkeley.edu,01/Aug/1995:00:24:45,/history/apollo/images/footprint-logo.gif,4209,""
"",dd12-062.compuserve.com,01/Aug/1995:00:24:45,/images/launchmedium.gif,11853,""
"",piweba1y.prodigy.com,01/Aug/1995:00:24:46,/images/launch-logo.gif,1713,""
"",133.43.106.47,01/Aug/1995:00:24:50,/images/NASA-logosmall.gif,786,""
"",ras15.srv.net,01/Aug/1995:00:24:57,/shuttle/missions/missions.html,8677,""
"",133.43.106.47,01/Aug/1995:00:25:00,/images/MOSAIC-logosmall.gif,363,""
"",ras15.srv.net,01/Aug/1995:00:25:01,/images/launchmedium.gif,11853,""
"",www-d1.proxy.aol.com,01/Aug/1995:00:25:05,/shuttle/technology/sts-newsref/srb.html,49553,""
"",133.43.106.47,01/Aug/1995:00:25:11,/images/USA-logosmall.gif,234,""
"",ix-sea6-23.ix.netcom.com,01/Aug/1995:00:25:12,/software/winvn/winvn.html,9866,""
"",csclass.utdallas.edu,01/Aug/1995:00:25:13,/shuttle/missions/sts-68/mission-sts-68.html,40960,""
"",ix-sea6-23.ix.netcom.com,01/Aug/1995:00:25:14,/software/winvn/winvn.gif,25218,""
"",ix-sea6-23.ix.netcom.com,01/Aug/1995:00:25:14,/images/construct.gif,1414,""
"",ix-sea6-23.ix.netcom.com,01/Aug/1995:00:25:14,/software/winvn/bluemarb.gif,4441,""
"",ras15.srv.net,01/Aug/1995:00:25:15,/images/NASA-logosmall.gif,786,""
"",133.43.106.47,01/Aug/1995:00:25:15,/images/WORLD-logosmall.gif,669,""
"",ix-sea6-23.ix.netcom.com,01/Aug/1995:00:25:19,/software/winvn/wvsmall.gif,13372,""
"",139.230.35.135,01/Aug/1995:00:25:22,/shuttle/missions/sts-70/images/KSC-95EC-1059.gif,40180,""
"",ix-sea6-23.ix.netcom.com,01/Aug/1995:00:25:24,/images/KSC-logosmall.gif,1204,""
"",ix-sea6-23.ix.netcom.com,01/Aug/1995:00:25:24,/images/MOSAIC-logosmall.gif,363,""
"",ix-sea6-23.ix.netcom.com,01/Aug/1995:00:25:26,/images/USA-logosmall.gif,234,""
"",ix-sea6-23.ix.netcom.com,01/Aug/1995:00:25:26,/images/WORLD-logosmall.gif,669,""
"",www-d1.proxy.aol.com,01/Aug/1995:00:25:35,/shuttle/technology/images/srb_16-small.gif,42732,""
"",ix-min1-02.ix.netcom.com,01/Aug/1995:00:25:39,/images/ksclogosmall.gif,0,""
"",grail911.nando.net,01/Aug/1995:00:25:45,/history/apollo/,6245,""
"",grail911.nando.net,01/Aug/1995:00:25:47,/icons/blank.xbm,509,""
"",grail911.nando.net,01/Aug/1995:00:25:47,/icons/menu.xbm,527,""
"",ras15.srv.net,01/Aug/1995:00:25:48,/shuttle/missions/sts-69/mission-sts-69.html,10566,""
"",grail911.nando.net,01/Aug/1995:00:25:49,/icons/text.xbm,527,""
"",ras15.srv.net,01/Aug/1995:00:25:54,/shuttle/missions/sts-69/sts-69-patch-small.gif,8083,""
"",ix-min1-02.ix.netcom.com,01/Aug/1995:00:25:55,/history/apollo/images/footprint-logo.gif,0,""
"",piweba3y.prodigy.com,01/Aug/1995:00:26:00,/history/apollo/apollo-11/apollo-11.html,44877,""
"",ix-min1-02.ix.netcom.com,01/Aug/1995:00:26:04,/history/apollo/apollo-12/apollo-12.html,2557,""
"",ix-min1-02.ix.netcom.com,01/Aug/1995:00:26:06,/history/apollo/apollo-12/apollo-12-patch-small.gif,11644,""
"",dialip129.gov.bc.ca,01/Aug/1995:00:26:14,/history/apollo/apollo-11/movies/,381,""
"",www-c6.proxy.aol.com,01/Aug/1995:00:26:17,/images/landing-small.gif,16966,""
"",in24.inetnebr.com,01/Aug/1995:00:26:18,/shuttle/missions/sts-76/mission-sts-76.html,3161,""
"",ix-min1-02.ix.netcom.com,01/Aug/1995:00:26:19,/history/apollo/apollo-12/apollo-12-info.html,1457,""
"",in24.inetnebr.com,01/Aug/1995:00:26:21,/shuttle/missions/sts-76/sts-76-patch-small.gif,4179,""
"",www-d1.proxy.aol.com,01/Aug/1995:00:26:22,/images/shuttle-patch-logo.gif,891,""
"",dialip129.gov.bc.ca,01/Aug/1995:00:26:23,/history/apollo/apollo-11/sounds/,653,""
"",ix-min1-02.ix.netcom.com,01/Aug/1995:00:26:24,/history/apollo/apollo-12/movies/,381,""
"",ix-min1-02.ix.netcom.com,01/Aug/1995:00:26:25,/icons/menu.xbm,0,""
"",ix-min1-02.ix.netcom.com,01/Aug/1995:00:26:26,/icons/blank.xbm,0,""
"",slip9-162.beta.delphi.com,01/Aug/1995:00:26:28,/shuttle/missions/sts-64/mission-sts-64.html,49152,""
"",slip9-162.beta.delphi.com,01/Aug/1995:00:26:30,/shuttle/resources/orbiters/discovery.html,6849,""
"",ix-min1-02.ix.netcom.com,01/Aug/1995:00:26:31,/history/apollo/apollo-12/,1732,""
"",ix-min1-02.ix.netcom.com,01/Aug/1995:00:26:32,/icons/text.xbm,0,""
"",ix-min1-02.ix.netcom.com,01/Aug/1995:00:26:33,/icons/image.xbm,0,""
"",ix-min1-02.ix.netcom.com,01/Aug/1995:00:26:40,/history/apollo/apollo-12/movies/,381,""
"",slip9-162.beta.delphi.com,01/Aug/1995:00:26:40,/shuttle/missions/sts-64/mission-sts-64.html,49152,""
"",tia1.eskimo.com,01/Aug/1995:00:26:46,/software/winvn/winvn.html,9866,""
"",ix-min1-02.ix.netcom.com,01/Aug/1995:00:26:47,/history/apollo/apollo-12/movies/,381,""
"",tia1.eskimo.com,01/Aug/1995:00:26:48,/software/winvn/winvn.gif,25218,""
"",tia1.eskimo.com,01/Aug/1995:00:26:48,/images/construct.gif,1414,""
"",tia1.eskimo.com,01/Aug/1995:00:26:49,/software/winvn/bluemarb.gif,4441,""
"",ix-min1-02.ix.netcom.com,01/Aug/1995:00:26:50,/history/apollo/apollo-12/,1732,""
"",tia1.eskimo.com,01/Aug/1995:00:26:55,/software/winvn/wvsmall.gif,13372,""
"",tia1.eskimo.com,01/Aug/1995:00:26:56,/images/KSC-logosmall.gif,1204,""
"",tia1.eskimo.com,01/Aug/1995:00:26:58,/images/MOSAIC-logosmall.gif,363,""
"",tia1.eskimo.com,01/Aug/1995:00:27:05,/images/WORLD-logosmall.gif,669,""
"",in24.inetnebr.com,01/Aug/1995:00:27:06,/facilities/mlp.html,2653,""
"",tia1.eskimo.com,01/Aug/1995:00:27:06,/images/USA-logosmall.gif,234,""
"",slippc6.cs.nps.navy.mil,01/Aug/1995:00:27:14,/shuttle/,957,""
"",in24.inetnebr.com,01/Aug/1995:00:27:15,/images/ksclogosmall.gif,3635,""
"",in24.inetnebr.com,01/Aug/1995:00:27:15,/images/kscmap-tiny.gif,2537,""
"",pm9.j51.com,01/Aug/1995:00:27:24,/history/apollo/apollo-1/images/apollo-1-crew.gif,250849,""
"",ix-min1-02.ix.netcom.com,01/Aug/1995:00:27:31,/history/apollo/apollo-12/apollo-12-patch.jpg,90112,""
"",piweba3y.prodigy.com,01/Aug/1995:00:27:33,/history/apollo/apollo-11/apollo-11-patch-small.gif,11175,""
"",remote.redzone.com,01/Aug/1995:00:27:34,/history/apollo/apollo-13/apollo-13.html,18556,""
"",remote.redzone.com,01/Aug/1995:00:27:38,/history/apollo/apollo-13/apollo-13-patch-small.gif,12859,""
"",ix-min1-02.ix.netcom.com,01/Aug/1995:00:27:40,/history/apollo/apollo-12/videos/,517,""
"",ix-min1-02.ix.netcom.com,01/Aug/1995:00:27:41,/icons/movie.xbm,530,""
"",ix-min1-02.ix.netcom.com,01/Aug/1995:00:27:44,/history/apollo/apollo-12/videos/moonflag.mpg,0,""
"",in24.inetnebr.com,01/Aug/1995:00:27:59,/shuttle/technology/sts-newsref/et.html,20327,""
"",tia1.eskimo.com,01/Aug/1995:00:28:01,/software/winvn/wvlarge.gif,23416,""
"",remote.redzone.com,01/Aug/1995:00:28:07,/images/ksclogosmall.gif,3635,""
"",remote.redzone.com,01/Aug/1995:00:28:07,/history/apollo/images/footprint-logo.gif,4209,""
"",in24.inetnebr.com,01/Aug/1995:00:28:14,/shuttle/technology/images/et_1-small.gif,35624,""
"",line10.pm1.abb.mindlink.net,01/Aug/1995:00:28:17,/shuttle/countdown/,4324,""
"",ix-min1-02.ix.netcom.com,01/Aug/1995:00:28:26,/history/apollo/apollo-12/videos/,517,""
"",dialip129.gov.bc.ca,01/Aug/1995:00:28:28,/history/apollo/apollo-11/sounds/A01106AA.WAV,96036,""
"",ix-min1-02.ix.netcom.com,01/Aug/1995:00:28:34,/history/apollo/apollo-12/videos/moonflag.mpg,0,""
"",www-c1.proxy.aol.com,01/Aug/1995:00:28:34,/shuttle/missions/sts-71/mission-sts-71.html,13450,""
"",line10.pm1.abb.mindlink.net,01/Aug/1995:00:28:39,/images/NASA-logosmall.gif,786,""
"",line10.pm1.abb.mindlink.net,01/Aug/1995:00:28:41,/images/KSC-logosmall.gif,1204,""
"",198.248.59.123,01/Aug/1995:00:28:41,/shuttle/missions/missions.html,8677,""
"",ix-min1-02.ix.netcom.com,01/Aug/1995:00:28:43,/history/apollo/apollo-12/videos/moonflag.mpg,0,""
"",198.248.59.123,01/Aug/1995:00:28:46,/images/launchmedium.gif,11853,""
"",ix-min1-02.ix.netcom.com,01/Aug/1995:00:28:48,/history/apollo/apollo-12/,1732,""
"",133.43.96.45,01/Aug/1995:00:28:55,/history/apollo/apollo-13/apollo-13-patch.jpg,143703,""
"",ix-min1-02.ix.netcom.com,01/Aug/1995:00:28:55,/history/apollo/apollo-12/movies/,381,""
"",198.248.59.123,01/Aug/1995:00:28:57,/images/NASA-logosmall.gif,786,""
"",198.248.59.123,01/Aug/1995:00:28:57,/images/KSC-logosmall.gif,1204,""
"",ix-min1-02.ix.netcom.com,01/Aug/1995:00:28:57,/history/apollo/apollo-12/,1732,""
"",piweba3y.prodigy.com,01/Aug/1995:00:28:59,/history/apollo/apollo-11/apollo-11-patch-small.gif,11175,""
"",piweba3y.prodigy.com,01/Aug/1995:00:29:02,/images/ksclogosmall.gif,3635,""
"",ix-min1-02.ix.netcom.com,01/Aug/1995:00:29:04,/history/apollo/apollo-12/videos/,517,""
"",ix-min1-02.ix.netcom.com,01/Aug/1995:00:29:08,/history/apollo/apollo-12/videos/moonflag.mpg,0,""
"",line10.pm1.abb.mindlink.net,01/Aug/1995:00:29:34,/shuttle/countdown/count70.gif,46573,""
"",www-b3.proxy.aol.com,01/Aug/1995:00:29:35,/shuttle/missions/sts-68/mission-sts-68.html,49702,""
"",pm9.j51.com,01/Aug/1995:00:29:39,/history/apollo/apollo-1/images/66HC1519.gif,65240,""
"",www-b3.proxy.aol.com,01/Aug/1995:00:29:55,/shuttle/missions/sts-68/sts-68-patch-small.gif,17459,""
"",adam.tower.com.au,01/Aug/1995:00:30:28,/shuttle/missions/sts-71/images/images.html,8529,""
"",www-b5.proxy.aol.com,01/Aug/1995:00:30:28,/images/,17688,""
"",198.248.59.123,01/Aug/1995:00:30:33,/history/gemini/gemini.html,2522,""
"",piweba3y.prodigy.com,01/Aug/1995:00:30:35,/images/ksclogosmall.gif,3635,""
"",adam.tower.com.au,01/Aug/1995:00:30:36,/shuttle/missions/sts-71/images/images.html,8529,""
"",198.248.59.123,01/Aug/1995:00:30:37,/images/gemini-logo.gif,4452,""
"",198.248.59.123,01/Aug/1995:00:30:37,/images/ksclogosmall.gif,3635,""
"",198.248.59.123,01/Aug/1995:00:30:38,/history/apollo/images/apollo-logo.gif,3047,""
"",www-b3.proxy.aol.com,01/Aug/1995:00:30:57,/images/launch-logo.gif,1713,""
"",piweba3y.prodigy.com,01/Aug/1995:00:30:57,/history/apollo/images/footprint-logo.gif,4209,""
"",www-d1.proxy.aol.com,01/Aug/1995:00:30:59,/shuttle/technology/sts-newsref/sts_asm.html,71654,""
"",www-b3.proxy.aol.com,01/Aug/1995:00:31:02,/images/KSC-logosmall.gif,1204,""
"",www-b5.proxy.aol.com,01/Aug/1995:00:31:04,/history/skylab/skylab.html,1687,""
"",www-b5.proxy.aol.com,01/Aug/1995:00:31:07,/history/skylab/skylab-small.gif,9202,""
"",www-b5.proxy.aol.com,01/Aug/1995:00:31:07,/history/apollo/images/apollo-logo.gif,3047,""
"",pm9.j51.com,01/Aug/1995:00:31:12,/history/apollo/apollo-1/images/67HC33a.gif,79452,""
"",piweba3y.prodigy.com,01/Aug/1995:00:31:39,/facilities/vab.html,4045,""
"",rdr4.ccinet.ab.ca,01/Aug/1995:00:31:41,/shuttle/countdown/,0,""
"",www-b5.proxy.aol.com,01/Aug/1995:00:31:41,/history/skylab/skylab-2.html,1478,""
"",cs1-08.leh.ptd.net,01/Aug/1995:00:31:41,/ksc.html,7280,""
"",cs1-08.leh.ptd.net,01/Aug/1995:00:31:43,/images/ksclogo-medium.gif,5866,""
"",dynamic-ara3.csuchico.edu,01/Aug/1995:00:31:44,/ksc.html,7280,""
"",www-b5.proxy.aol.com,01/Aug/1995:00:31:44,/history/skylab/skylab-logo.gif,3274,""
"",rdr4.ccinet.ab.ca,01/Aug/1995:00:31:46,/shuttle/countdown/count70.gif,0,""
"",rdr4.ccinet.ab.ca,01/Aug/1995:00:31:47,/images/NASA-logosmall.gif,0,""
"",rdr4.ccinet.ab.ca,01/Aug/1995:00:31:47,/images/KSC-logosmall.gif,0,""
"",cs1-08.leh.ptd.net,01/Aug/1995:00:31:48,/images/NASA-logosmall.gif,786,""
"",cs1-08.leh.ptd.net,01/Aug/1995:00:31:48,/images/MOSAIC-logosmall.gif,363,""
"",in24.inetnebr.com,01/Aug/1995:00:31:48,/shuttle/missions/sts-75/mission-sts-75.html,3705,""
"",dialip129.gov.bc.ca,01/Aug/1995:00:31:50,/history/apollo/apollo-12/apollo-12.html,2557,""
"",cs1-08.leh.ptd.net,01/Aug/1995:00:31:50,/images/USA-logosmall.gif,234,""
"",cs1-08.leh.ptd.net,01/Aug/1995:00:31:51,/images/WORLD-logosmall.gif,669,""
"",in24.inetnebr.com,01/Aug/1995:00:31:51,/shuttle/missions/sts-75/sts-75-patch-small.gif,4179,""
"",thunderbox.ho.bom.gov.au,01/Aug/1995:00:31:55,/elv/elvpage.htm,7775,""
"",adam.tower.com.au,01/Aug/1995:00:31:58,/shuttle/missions/sts-71/images/KSC-95EC-0913.jpg,25439,""
"",piweba3y.prodigy.com,01/Aug/1995:00:31:58,/images/vab-small.gif,35709,""
"",www-d1.proxy.aol.com,01/Aug/1995:00:31:59,/shuttle/technology/images/srb_mod_compare_1-small.gif,36902,""
"",www-d1.proxy.aol.com,01/Aug/1995:00:32:01,/shuttle/technology/images/srb_mod_compare_6-small.gif,28219,""
"",www-d1.proxy.aol.com,01/Aug/1995:00:32:03,/shuttle/technology/images/srb_mod_compare_3-small.gif,55666,""
"",www-b5.proxy.aol.com,01/Aug/1995:00:32:10,/history/skylab/skylab-4.html,1165,""
"",dialip129.gov.bc.ca,01/Aug/1995:00:32:11,/history/apollo/apollo-12/apollo-12-info.html,1457,""
"",www-b5.proxy.aol.com,01/Aug/1995:00:32:12,/history/skylab/skylab-4-small.gif,13775,""
"",piweba3y.prodigy.com,01/Aug/1995:00:32:13,/images/kscmap-tiny.gif,2537,""
"",cs1-08.leh.ptd.net,01/Aug/1995:00:32:16,/shuttle/missions/sts-71/movies/movies.html,3381,""
"",in24.inetnebr.com,01/Aug/1995:00:32:17,/shuttle/missions/missions.html,8677,""
"",cs1-08.leh.ptd.net,01/Aug/1995:00:32:18,/shuttle/missions/sts-71/sts-71-patch-small.gif,12054,""
"",dialip129.gov.bc.ca,01/Aug/1995:00:32:23,/history/apollo/apollo-12/sounds/,381,""
"",in24.inetnebr.com,01/Aug/1995:00:32:27,/images/launchmedium.gif,11853,""
"",www-d1.proxy.aol.com,01/Aug/1995:00:32:32,/,7280,""
"",198.248.59.123,01/Aug/1995:00:32:37,/history/gemini/movies/gemini-launch.mpg,104987,""
"",uplherc.upl.com,01/Aug/1995:00:32:38,/shuttle/technology/sts-newsref/stsover-launch.html,90755,""
"",in24.inetnebr.com,01/Aug/1995:00:32:38,/images/NASA-logosmall.gif,786,""
"",dialip129.gov.bc.ca,01/Aug/1995:00:32:42,/history/apollo/apollo-12/movies/,381,""
"",www-b5.proxy.aol.com,01/Aug/1995:00:32:47,/ksc.html,7280,""
"",line10.pm1.abb.mindlink.net,01/Aug/1995:00:32:55,"/cgi-bin/imagemap/countdown70?289,288",85,""
"",line10.pm1.abb.mindlink.net,01/Aug/1995:00:32:59,/htbin/cdt_main.pl,3714,""
"",thunderbox.ho.bom.gov.au,01/Aug/1995:00:33:01,/elv/uplink.htm,1374,""
"",dialip129.gov.bc.ca,01/Aug/1995:00:33:01,/history/apollo/apollo-12/images/,1329,""
"",www-b5.proxy.aol.com,01/Aug/1995:00:33:04,/whats-new.html,18936,""
"",pme609.onramp.awinc.com,01/Aug/1995:00:33:09,/shuttle/missions/sts-64/mission-sts-64.html,58808,""
"",www-b5.proxy.aol.com,01/Aug/1995:00:33:10,/images/whatsnew.gif,651,""
"",line10.pm1.abb.mindlink.net,01/Aug/1995:00:33:12,/shuttle/countdown/images/countclock.gif,13994,""
"",hun8.ramlink.net,01/Aug/1995:00:33:25,/shuttle/missions/sts-68/mission-sts-68.html,49702,""
"",ix-cha-nc1-02.ix.netcom.com,01/Aug/1995:00:33:29,/shuttle/countdown/liftoff.html,5220,""
"",in24.inetnebr.com,01/Aug/1995:00:33:29,/shuttle/missions/sts-59/mission-sts-59.html,63060,""
"",www-d1.proxy.aol.com,01/Aug/1995:00:33:30,/whats-new.html,18936,""
"",prakinf2.prakinf.tu-ilmenau.de,01/Aug/1995:00:33:31,/images/shuttle-patch-small.gif,4179,""
"",cs1-08.leh.ptd.net,01/Aug/1995:00:33:33,/shuttle/missions/sts-71/movies/sts-71-launch-3.mpg,130724,""
"",dialip129.gov.bc.ca,01/Aug/1995:00:33:34,/history/apollo/apollo-1/apollo-1.html,3841,""
"",ix-cha-nc1-02.ix.netcom.com,01/Aug/1995:00:33:34,/images/NASA-logosmall.gif,786,""
"",in24.inetnebr.com,01/Aug/1995:00:33:43,/shuttle/missions/sts-59/sts-59-info.html,1430,""
"",pme609.onramp.awinc.com,01/Aug/1995:00:33:44,/shuttle/missions/sts-64/sts-64-patch-small.gif,15980,""
"",blv-pm11-ip17.halcyon.com,01/Aug/1995:00:33:44,/shuttle/technology/sts-newsref/sts-mps.html,215409,""
"",www-b5.proxy.aol.com,01/Aug/1995:00:33:47,/shuttle/countdown/liftoff.html,5220,""
"",hun8.ramlink.net,01/Aug/1995:00:33:49,/shuttle/missions/sts-68/sts-68-patch-small.gif,17459,""
"",in24.inetnebr.com,01/Aug/1995:00:33:49,/shuttle/missions/sts-59/sts-59-patch-small.gif,12181,""
"",itws.info.eng.niigata-u.ac.jp,01/Aug/1995:00:33:51,/ksc.html/,7280,""
"",www-b5.proxy.aol.com,01/Aug/1995:00:33:53,/shuttle/countdown/video/livevideo2.gif,71319,""
"",itws.info.eng.niigata-u.ac.jp,01/Aug/1995:00:33:54,/images/ksclogo-medium.gif,5866,""
"",www-d1.proxy.aol.com,01/Aug/1995:00:33:54,/images/whatsnew.gif,651,""
"",dialip129.gov.bc.ca,01/Aug/1995:00:33:54,/history/apollo/apollo-1/apollo-1-info.html,1434,""
"",ix-cha-nc1-02.ix.netcom.com,01/Aug/1995:00:33:55,/shuttle/countdown/video/livevideo2.gif,71319,""
"",piweba3y.prodigy.com,01/Aug/1995:00:33:58,/images/kscmap-tiny.gif,2537,""
"",itws.info.eng.niigata-u.ac.jp,01/Aug/1995:00:34:01,/images/NASA-logosmall.gif,786,""
"",in24.inetnebr.com,01/Aug/1995:00:34:03,/htbin/wais.pl?STS-59,4447,""
"",itws.info.eng.niigata-u.ac.jp,01/Aug/1995:00:34:03,/images/MOSAIC-logosmall.gif,363,""
"",itws.info.eng.niigata-u.ac.jp,01/Aug/1995:00:34:05,/images/USA-logosmall.gif,234,""
"",pme609.onramp.awinc.com,01/Aug/1995:00:34:06,/images/KSC-logosmall.gif,1204,""
"",itws.info.eng.niigata-u.ac.jp,01/Aug/1995:00:34:07,/images/WORLD-logosmall.gif,669,""
"",ykline6.internorth.com,01/Aug/1995:00:34:09,/images/flight-deck.gif,196608,""
"",dialip129.gov.bc.ca,01/Aug/1995:00:34:09,/history/apollo/apollo-1/movies/,378,""
"",hun8.ramlink.net,01/Aug/1995:00:34:10,/images/KSC-logosmall.gif,1204,""
"",pm9.j51.com,01/Aug/1995:00:34:10,/history/apollo/apollo-1/images/67HC33.gif,107469,""
"",dialup-2-139.gw.umn.edu,01/Aug/1995:00:34:10,/history/apollo/apollo.html,3260,""
"",pme609.onramp.awinc.com,01/Aug/1995:00:34:12,/images/launch-logo.gif,1713,""
"",dialup-2-139.gw.umn.edu,01/Aug/1995:00:34:13,/history/apollo/images/footprint-small.gif,18149,""
"",hun8.ramlink.net,01/Aug/1995:00:34:13,/images/launch-logo.gif,1713,""
"",dialup-2-139.gw.umn.edu,01/Aug/1995:00:34:13,/images/KSC-logosmall.gif,1204,""
"",dialup-2-139.gw.umn.edu,01/Aug/1995:00:34:14,/history/apollo/images/apollo-logo1.gif,1173,""
"",hun8.ramlink.net,01/Aug/1995:00:34:17,/history/apollo/images/apollo-logo1.gif,1173,""
"",prakinf2.prakinf.tu-ilmenau.de,01/Aug/1995:00:34:18,/shuttle/technology/sts-newsref/stsref-toc.html,84905,""
"",pme609.onramp.awinc.com,01/Aug/1995:00:34:18,/history/apollo/images/apollo-logo1.gif,1173,""
"",192.127.139.163,01/Aug/1995:00:34:22,/,7280,""
"",dialip129.gov.bc.ca,01/Aug/1995:00:34:22,/history/apollo/apollo-1/sounds/,378,""
"",133.43.96.45,01/Aug/1995:00:34:24,/history/apollo/images/footprint.gif,67171,""
"",in24.inetnebr.com,01/Aug/1995:00:34:27,/shuttle/missions/sts-59/sts-59-patch-small.gif,12181,""
"",blv-pm11-ip17.halcyon.com,01/Aug/1995:00:34:35,/images/shuttle-patch-logo.gif,891,""
"",ix-cha-nc1-02.ix.netcom.com,01/Aug/1995:00:34:35,/htbin/cdt_clock.pl,543,""
"",dialip129.gov.bc.ca,01/Aug/1995:00:34:38,/history/apollo/apollo-1/images/,1190,""
"",lutzp.tigernet.net,01/Aug/1995:00:34:48,/software/winvn/winvn.html,9866,""
"",dd09-012.compuserve.com,01/Aug/1995:00:34:48,/facts/launch-pass.txt,29823,""
"",in24.inetnebr.com,01/Aug/1995:00:34:49,/shuttle/missions/sts-59/sts-59-patch-small.gif,12181,""
"",lutzp.tigernet.net,01/Aug/1995:00:34:51,/software/winvn/winvn.gif,25218,""
"",lutzp.tigernet.net,01/Aug/1995:00:34:51,/images/construct.gif,1414,""
"",lutzp.tigernet.net,01/Aug/1995:00:34:51,/software/winvn/bluemarb.gif,4441,""
"",futurcom.nai.net,01/Aug/1995:00:34:54,/shuttle/missions/sts-70/mission-sts-70.html,20224,""
"",futurcom.nai.net,01/Aug/1995:00:34:57,/shuttle/missions/sts-70/sts-70-patch-small.gif,5978,""
"",dialup-2-139.gw.umn.edu,01/Aug/1995:00:34:57,/history/apollo/apollo-11/apollo-11.html,44877,""
"",lutzp.tigernet.net,01/Aug/1995:00:34:59,/software/winvn/wvsmall.gif,13372,""
"",dialup-2-139.gw.umn.edu,01/Aug/1995:00:34:59,/history/apollo/apollo-11/apollo-11-patch-small.gif,11175,""
"",lutzp.tigernet.net,01/Aug/1995:00:35:00,/images/KSC-logosmall.gif,1204,""
"",general2.asu.edu,01/Aug/1995:00:35:01,/,7280,""
"",piweba3y.prodigy.com,01/Aug/1995:00:35:04,/facilities/mlp.html,2653,""
"",205.199.120.118,01/Aug/1995:00:35:05,/,7280,""
"",lutzp.tigernet.net,01/Aug/1995:00:35:07,/images/MOSAIC-logosmall.gif,363,""
"",205.199.120.118,01/Aug/1995:00:35:08,/images/ksclogo-medium.gif,5866,""
"",www-d1.proxy.aol.com,01/Aug/1995:00:35:09,/elv/elvpage.htm,7775,""
"",205.199.120.118,01/Aug/1995:00:35:09,/images/NASA-logosmall.gif,786,""
"",205.199.120.118,01/Aug/1995:00:35:10,/images/MOSAIC-logosmall.gif,363,""
"",205.199.120.118,01/Aug/1995:00:35:10,/images/USA-logosmall.gif,234,""
"",general2.asu.edu,01/Aug/1995:00:35:12,/facts/facts.html,4722,""
"",205.199.120.118,01/Aug/1995:00:35:14,/images/WORLD-logosmall.gif,669,""
"",general2.asu.edu,01/Aug/1995:00:35:15,/facts/faq01.html,19320,""
"",bdmgate.bdm.com,01/Aug/1995:00:35:16,/,7280,""
"",piweba3y.prodigy.com,01/Aug/1995:00:35:17,/images/mlp-logo.gif,28426,""
"",lutzp.tigernet.net,01/Aug/1995:00:35:17,/images/USA-logosmall.gif,234,""
"",cs1-08.leh.ptd.net,01/Aug/1995:00:35:18,/shuttle/missions/sts-71/movies/movies.html,3381,""
"",bdmgate.bdm.com,01/Aug/1995:00:35:18,/images/ksclogo-medium.gif,5866,""
"",cs1-08.leh.ptd.net,01/Aug/1995:00:35:20,/shuttle/missions/sts-71/sts-71-patch-small.gif,12054,""
"",lutzp.tigernet.net,01/Aug/1995:00:35:20,/images/WORLD-logosmall.gif,669,""
"",line10.pm1.abb.mindlink.net,01/Aug/1995:00:35:22,"/cgi-bin/imagemap/countdown70?181,287",110,""
"",dialup-2-139.gw.umn.edu,01/Aug/1995:00:35:22,/images/ksclogosmall.gif,3635,""
"",dialup-2-139.gw.umn.edu,01/Aug/1995:00:35:22,/history/apollo/images/footprint-logo.gif,4209,""
"",futurcom.nai.net,01/Aug/1995:00:35:24,/images/launch-logo.gif,1713,""
"",futurcom.nai.net,01/Aug/1995:00:35:24,/history/apollo/images/apollo-logo1.gif,1173,""
"",bdmgate.bdm.com,01/Aug/1995:00:35:24,/images/WORLD-logosmall.gif,669,""
"",bdmgate.bdm.com,01/Aug/1995:00:35:25,/images/NASA-logosmall.gif,786,""
"",line10.pm1.abb.mindlink.net,01/Aug/1995:00:35:26,/shuttle/missions/sts-70/movies/movies.html,2979,""
"",bdmgate.bdm.com,01/Aug/1995:00:35:26,/images/MOSAIC-logosmall.gif,363,""
"",ix-cha-nc1-02.ix.netcom.com,01/Aug/1995:00:35:27,/shuttle/missions/missions.html,8677,""
"",205.199.120.118,01/Aug/1995:00:35:27,/shuttle/countdown/,4324,""
"",futurcom.nai.net,01/Aug/1995:00:35:28,/images/KSC-logosmall.gif,1204,""
"",bdmgate.bdm.com,01/Aug/1995:00:35:28,/images/USA-logosmall.gif,234,""
"",ix-cha-nc1-02.ix.netcom.com,01/Aug/1995:00:35:29,/images/launchmedium.gif,11853,""
"",205.199.120.118,01/Aug/1995:00:35:30,/images/KSC-logosmall.gif,1204,""
"",www-d1.proxy.aol.com,01/Aug/1995:00:35:30,/elv/elvhead3.gif,9925,""
"",www-d1.proxy.aol.com,01/Aug/1995:00:35:31,/elv/endball.gif,306,""
"",www-d1.proxy.aol.com,01/Aug/1995:00:35:32,/elv/hot.gif,1007,""
"",ix-cha-nc1-02.ix.netcom.com,01/Aug/1995:00:35:34,/images/KSC-logosmall.gif,1204,""
"",205.199.120.118,01/Aug/1995:00:35:36,/shuttle/countdown/count70.gif,46573,""
"",line10.pm1.abb.mindlink.net,01/Aug/1995:00:35:37,/shuttle/missions/sts-70/sts-70-patch-small.gif,5978,""
"",www-d1.proxy.aol.com,01/Aug/1995:00:35:41,/elv/PEGASUS/minpeg1.gif,1055,""
"",www-d1.proxy.aol.com,01/Aug/1995:00:35:46,/elv/SCOUT/scout.gif,1165,""
"",ix-cha-nc1-02.ix.netcom.com,01/Aug/1995:00:35:46,/shuttle/missions/sts-71/mission-sts-71.html,13450,""
"",ix-cha-nc1-02.ix.netcom.com,01/Aug/1995:00:35:48,/shuttle/missions/sts-71/sts-71-patch-small.gif,12054,""
"",www-d1.proxy.aol.com,01/Aug/1995:00:35:49,/elv/DELTA/delta.gif,2244,""
"",grimnet23.idirect.com,01/Aug/1995:00:35:50,/images/construct.gif,1414,""
"",dialup-2-139.gw.umn.edu,01/Aug/1995:00:35:51,/shuttle/resources/orbiters/columbia.html,6922,""
"",www-d1.proxy.aol.com,01/Aug/1995:00:35:51,/elv/ATLAS_CENTAUR/atlas.gif,2286,""
"",www-d1.proxy.aol.com,01/Aug/1995:00:35:51,/elv/TITAN/titan.gif,3530,""
"",dialup-2-139.gw.umn.edu,01/Aug/1995:00:35:53,/shuttle/resources/orbiters/columbia-logo.gif,11417,""
"",uplherc.upl.com,01/Aug/1995:00:35:53,/shuttle/countdown/,4324,""
"",uplherc.upl.com,01/Aug/1995:00:35:56,/shuttle/countdown/count70.gif,46573,""
"",dialup-2-139.gw.umn.edu,01/Aug/1995:00:35:57,/shuttle/resources/orbiters/orbiters-logo.gif,1932,""
"",dialip129.gov.bc.ca,01/Aug/1995:00:35:58,/history/apollo/apollo-1/images/66HC1519.gif,65240,""
"",www-d1.proxy.aol.com,01/Aug/1995:00:35:59,/elv/whnew.htm,3993,""
"",ix-cha-nc1-02.ix.netcom.com,01/Aug/1995:00:35:59,/history/apollo/images/apollo-logo1.gif,1173,""
"",ix-cha-nc1-02.ix.netcom.com,01/Aug/1995:00:35:59,/images/launch-logo.gif,1713,""
"",grimnet23.idirect.com,01/Aug/1995:00:36:03,/images/KSC-logosmall.gif,1204,""
"",uplherc.upl.com,01/Aug/1995:00:36:05,"/cgi-bin/imagemap/countdown70?61,223",110,""
"",grimnet23.idirect.com,01/Aug/1995:00:36:06,/images/MOSAIC-logosmall.gif,363,""
"",uplherc.upl.com,01/Aug/1995:00:36:06,/shuttle/missions/sts-70/images/images.html,8657,""
"",grimnet23.idirect.com,01/Aug/1995:00:36:09,/images/USA-logosmall.gif,234,""
"",www-d1.proxy.aol.com,01/Aug/1995:00:36:13,/elv/elvhead2.gif,1733,""
"",grimnet23.idirect.com,01/Aug/1995:00:36:13,/images/WORLD-logosmall.gif,669,""
"",pme609.onramp.awinc.com,01/Aug/1995:00:36:14,/shuttle/resources/orbiters/discovery.html,6849,""
"",bdmgate.bdm.com,01/Aug/1995:00:36:15,/shuttle/missions/missions.html,8677,""
"",205.199.120.118,01/Aug/1995:00:36:15,"/cgi-bin/imagemap/countdown70?59,186",96,""
"",bdmgate.bdm.com,01/Aug/1995:00:36:17,/images/launchmedium.gif,11853,""
"",adam.tower.com.au,01/Aug/1995:00:36:18,/shuttle/missions/sts-71/images/KSC-95EC-0950.gif,27286,""
"",marimo.kushiro-ct.ac.jp,01/Aug/1995:00:36:20,/shuttle/countdown/countdown.html,4324,""
"",bdmgate.bdm.com,01/Aug/1995:00:36:23,/images/KSC-logosmall.gif,1204,""
"",www-d1.proxy.aol.com,01/Aug/1995:00:36:25,/elv/vidpicp.htm,4251,""
"",pme609.onramp.awinc.com,01/Aug/1995:00:36:26,/shuttle/resources/orbiters/discovery-logo.gif,4179,""
"",marimo.kushiro-ct.ac.jp,01/Aug/1995:00:36:27,/shuttle/countdown/count70.gif,46573,""
"",in24.inetnebr.com,01/Aug/1995:00:36:28,/shuttle/missions/sts-59/news/,6122,""
"",dialup-2-139.gw.umn.edu,01/Aug/1995:00:36:30,/facilities/mlp.html,2653,""
